-- phpMyAdmin SQL Dump
-- version 5.2.1
-- https://www.phpmyadmin.net/
--
-- Mรกy chแปง: 127.0.0.1:3306
-- Thแปi gian ฤรฃ tแบกo: Th10 02, 2025 lรบc 08:09 PM
-- Phiรชn bแบฃn mรกy phแปฅc vแปฅ: 10.4.32-MariaDB
-- Phiรชn bแบฃn PHP: 8.2.12

SET SQL_MODE = "NO_AUTO_VALUE_ON_ZERO";
START TRANSACTION;
SET time_zone = "+00:00";


/*!40101 SET @OLD_CHARACTER_SET_CLIENT=@@CHARACTER_SET_CLIENT */;
/*!40101 SET @OLD_CHARACTER_SET_RESULTS=@@CHARACTER_SET_RESULTS */;
/*!40101 SET @OLD_COLLATION_CONNECTION=@@COLLATION_CONNECTION */;
/*!40101 SET NAMES utf8mb4 */;

--
-- Cฦก sแป dแปฏ liแปu: `laravel_ecomvina`
--

-- --------------------------------------------------------

--
-- Cแบฅu trรบc bแบฃng cho bแบฃng `baiviet`
--

CREATE TABLE `baiviet` (
  `id` int(11) NOT NULL,
  `id_nguoidung` int(11) NOT NULL,
  `tieude` text NOT NULL,
  `slug` text NOT NULL,
  `noidung` longtext NOT NULL,
  `luotxem` int(11) NOT NULL DEFAULT 0,
  `hinhanh` varchar(255) NOT NULL,
  `trangthai` enum('Hiแปn thแป','Tแบกm แบฉn') NOT NULL DEFAULT 'Hiแปn thแป'
) ENGINE=InnoDB DEFAULT CHARSET=utf8mb4 COLLATE=utf8mb4_unicode_ci;

--
-- ฤang ฤแป dแปฏ liแปu cho bแบฃng `baiviet`
--

INSERT INTO `baiviet` (`id`, `id_nguoidung`, `tieude`, `slug`, `noidung`, `luotxem`, `hinhanh`, `trangthai`) VALUES
(1, 2, 'Chฦฐฦกng trรฌnh Siรชu Sale Thรกng 11 - Mua Sแบฏm Thแบฃ Ga, Giแบฃm Giรก Tแบญn Tay!', 'chuong-trinh-sieu-sale-thang-11-mua-sam-tha-ga-giam-gia-tan-tay', '<p>Siรชu Thแป Vina mang ฤแบฟn chฦฐฦกng trรฌnh <strong>Siรชu Sale Thรกng 11</strong> vแปi hรng ngรn sแบฃn phแบฉm giแบฃm giรก ฤแบฟn <strong>70%</strong>. Tแปซ thแปฑc phแบฉm chแปฉc nฤng, mแปน phแบฉm, ฤแป gia dแปฅng cho ฤแบฟn sแบฃn phแบฉm chฤm sรณc sแปฉc khแปe โ tแบฅt cแบฃ ฤแปu cรณ mแบทt!</p>\n                <p>Thแปi gian: <strong>01/11/2025 - 15/11/2025</strong></p>\n                <p>Hรฃy nhanh tay ฤแบทt hรng vร nhแบญn quร hแบฅp dแบซn ngay hรดm nay!</p><p>Siรชu Thแป Vina - ฤแปi Tรกc Phรขn Phแปi Hรng ฤแบงu Cho Mแปi Nhร\n        Siรชu Thแป Vina tแปฑ hรo lร ฤแปi tรกc phรขn phแปi ฤรกng tin cแบญy, cung cแบฅp ฤa dแบกng cรกc mแบทt hรng thiแบฟt yแบฟu tแปซ Sแปฉc khแปe, Chฤm sรณc cรก nhรขn, ฤiแปn mรกy ฤแบฟn Thiแบฟt bแป y tแบฟ, Bรกch hรณa vร nhiแปu hฦกn nแปฏa. Chรบng tรดi cam kแบฟt mang ฤแบฟn nhแปฏng sแบฃn phแบฉm chแบฅt lฦฐแปฃng vแปi giรก cแบฃ cแบกnh tranh nhแบฅt.\n\n        Tแบกi Sao Nรชn Chแปn Siรชu Thแป Vina?\n        Vแปi phฦฐฦกng chรขm \"Khรกch hรng lร trแปng tรขm\", Siรชu Thแป Vina khรดng ngแปซng nแป lแปฑc hoรn thiแปn ฤแป trแป thรnh ngฦฐแปi bแบกn ฤแปng hรnh tin cแบญy cแปงa mแปi gia ฤรฌnh Viแปt.\n\n        Chแบฅt lฦฐแปฃng ฤแบฃm bแบฃo: Tแบฅt cแบฃ sแบฃn phแบฉm ฤแปu ฤฦฐแปฃc tuyแปn chแปn kแปน lฦฐแปกng, ฤแบฃm bแบฃo an toรn vร cรณ nguแปn gแปc xuแบฅt xแปฉ rรต rรng.\n\n        Giรก cแบฃ cแบกnh tranh: Chรญnh sรกch giรก hแปฃp lรฝ nhแป chuแปi cung แปฉng ฤฦฐแปฃc tแปi ฦฐu hรณa.\n\n        Dแปch vแปฅ chuyรชn nghiแปp: ฤแปi ngลฉ nhรขn viรชn tแบญn tรขm, sแบตn sรng tฦฐ vแบฅn vร hแป trแปฃ.\n\n        Khรกm Phรก Cรกc Danh Mแปฅc Sแบฃn Phแบฉm Tแบกi Siรชu Thแป Vina\n        Siรชu Thแป Vina sแป hแปฏu mแปt hแป sinh thรกi sแบฃn phแบฉm toรn diแปn, ฤรกp แปฉng mแปi nhu cแบงu tแปซ cฦก bแบฃn ฤแบฟn cao cแบฅp cแปงa khรกch hรng.\n\n        ๐ฅ Sแปฉc Khแปe & Thiแบฟt Bแป Y Tแบฟ\n        Danh mแปฅc nรy cung cแบฅp cรกc sแบฃn phแบฉm chฤm sรณc sแปฉc khแปe chแปง ฤแปng vร thiแบฟt yแบฟu cho gia ฤรฌnh bแบกn. Tแปซ thแปฑc phแบฉm chแปฉc nฤng, vitamin hแป trแปฃ nรขng cao sแปฉc ฤแป khรกng, ฤแบฟn cรกc thiแบฟt bแป y tแบฟ nhฦฐ mรกy ฤo huyแบฟt รกp, nhiแปt kแบฟ ฤiแปn tแปญ, mรกy ฤo ฤฦฐแปng huyแบฟt, giรบp bแบกn dแป dรng theo dรตi tรฌnh trแบกng sแปฉc khแปe tแบกi nhร. Chรบng tรดi hiแปu rแบฑng sแปฉc khแปe lร vแปn quรฝ nhแบฅt, vรฌ vแบญy mแปi sแบฃn phแบฉm ฤแปu ฤฦฐแปฃc lแปฑa chแปn kแปน cรng.\n\n        ๐ Lรm ฤแบนp & Chฤm Sรณc Cรก Nhรขn\n        ฤรขy lร thiรชn ฤฦฐแปng dรnh cho nhแปฏng ai yรชu thรญch lรm ฤแบนp. Danh mแปฅc Lรm ฤแบนp vร Chฤm sรณc cรก nhรขn tแบกi Siรชu Thแป Vina bao gแปm ฤแบงy ฤแปง cรกc sแบฃn phแบฉm tแปซ mแปน phแบฉm, dฦฐแปฃc phแบฉm lรm ฤแบนp ฤแบฟn dแปฅng cแปฅ chฤm sรณc da, body. Bรชn cแบกnh ฤรณ, bแบกn cลฉng cรณ thแป tรฌm thแบฅy nhแปฏng vแบญt dแปฅng thiแบฟt yแบฟu hรng ngรy nhฦฐ bรn chแบฃi ฤรกnh rฤng, sแปฏa tแบฏm, dแบงu gแปi,... giรบp bแบกn luรดn tฦฐฦกi trแบป vร tแปฑ tin trong cuแปc sแปng.\n\n        ๐ Nhร Cแปญa & ฤแปi Sแปng\n        Biแบฟn ngรดi nhร thรnh tแป แบฅm thแปฑc sแปฑ vแปi danh mแปฅc Nhร cแปญa - ฤแปi sแปng. Chรบng tรดi cung cแบฅp vรด vรn cรกc sแบฃn phแบฉm gia dแปฅng, ฤแป dรนng nhร bแบฟp, vแบญt dแปฅng trang trรญ vร dแปฅng cแปฅ cแบฃi tแบกo nhร cแปญa. Tแปซ nhแปฏng chiแบฟc bรกt ฤฤฉa xinh xแบฏn ฤแบฟn cรกc thiแบฟt bแป vแป sinh, tแบฅt cแบฃ ฤแปu ฤฦฐแปฃc thiแบฟt kแบฟ tiแปn nghi vร hiแปn ฤแบกi, mang ฤแบฟn sแปฑ tiแปn lแปฃi vร thoแบฃi mรกi cho khรดng gian sแปng cแปงa bแบกn.\n\n        ๐จโ๐ฉโ๐งโ๐ฆ Mแบน Vร Bรฉ\n        ฤแปng hรnh cรนng cรกc bแบญc cha mแบน trong hรnh trรฌnh chฤm sรณc thiรชn thแบงn nhแป, danh mแปฅc Mแบน vร bรฉ cแปงa Siรชu Thแป Vina lร nฦกi bแบกn cรณ thแป tรฌm thแบฅy mแปi thแปฉ tแปซ sแปฏa bแปt, tรฃ lรณt, ฤแป dรนng ฤn dแบทm ฤแบฟn xe ฤแบฉy, ฤแป chฦกi an toรn. Cรกc sแบฃn phแบฉm ฤแปu ฤฦฐแปฃc kiแปm ฤแปnh nghiรชm ngแบทt vแป ฤแป an toรn, ฤแบฃm bแบฃo cho sแปฑ phรกt triแปn toรn diแปn cแปงa bรฉ yรชu.\n\n        โก ฤiแปn Mรกy & Bรกch Hรณa\n        ฤรกp แปฉng nhu cแบงu thiแบฟt yแบฟu vร nรขng cao chแบฅt lฦฐแปฃng sแปng, danh mแปฅc ฤiแปn mรกy cung cแบฅp cรกc thiแบฟt bแป nhฦฐ quแบกt, nแปi cฦกm ฤiแปn, bรn แปงi... tiแบฟt kiแปm ฤiแปn nฤng. Trong khi ฤรณ, danh mแปฅc Bรกch hรณa lร nฦกi bแบกn cรณ thแป mua sแบฏm mแปi thแปฉ tแปซ thแปฑc phแบฉm khรด, ฤแป gia vแป ฤแบฟn vฤn phรฒng phแบฉm, ฤแป dรนng hแปc tแบญp mแปt cรกch nhanh chรณng vร tiแปn lแปฃi.\n\n        ๐ Thแปi Trang\n        Cแบญp nhแบญt nhแปฏng xu hฦฐแปng thแปi trang mแปi nhแบฅt vแปi danh mแปฅc Thแปi trang tแบกi Siรชu Thแป Vina. Chรบng tรดi mang ฤแบฟn cho bแบกn nhแปฏng bแป trang phแปฅc ฤa dแบกng tแปซ quแบงn รกo, giรy dรฉp ฤแบฟn phแปฅ kiแปn thแปi trang phรน hแปฃp cho mแปi lแปฉa tuแปi vร dแปp sแปญ dแปฅng, giรบp bแบกn luรดn nแปi bแบญt vร cรก tรญnh.\n\n        Trแบฃi Nghiแปm Mua Sแบฏm Khรกc Biแปt Tแบกi Siรชu Thแป Vina\n        Khi ฤแบฟn vแปi Siรชu Thแป Vina, bแบกn khรดng chแป ฤฦกn thuแบงn lร mua sแบฏm mร cรฒn lร trแบฃi nghiแปm mแปt dแปch vแปฅ toรn diแปn. Chรบng tรดi sแป hแปฏu hแป thแปng siรชu thแป rแปng khแบฏp vแปi khรดng gian mua sแบฏm thoรกng ฤรฃng, sแบกch sแบฝ. ฤแปi ngลฉ nhรขn viรชn tฦฐ vแบฅn ฤฦฐแปฃc ฤรo tแบกo bรi bแบฃn, luรดn sแบตn sรng lแบฏng nghe vร giแบฃi ฤรกp mแปi thแบฏc mแบฏc cแปงa bแบกn. Bรชn cแบกnh ฤรณ, chรญnh sรกch hแบญu mรฃi, bแบฃo hรnh vร ฤแปi trแบฃ rรต rรng, minh bแบกch sแบฝ mang ฤแบฟn cho bแบกn sแปฑ an tรขm tuyแปt ฤแปi.\n\n        Kแบฟt Luแบญn\n        Siรชu Thแป Vina khรดng ngแปซng phแบฅn ฤแบฅu ฤแป trแป thรnh ฤiแปm ฤแบฟn mua sแบฏm tin cแบญy, nฦกi mแปi khรกch hรng ฤแปu cรณ thแป tรฌm thแบฅy nhแปฏng sแบฃn phแบฉm chแบฅt lฦฐแปฃng vแปi mแปฉc giรก hแปฃp lรฝ nhแบฅt. Hรฃy ghรฉ thฤm Siรชu Thแป Vina ngay hรดm nay ฤแป khรกm phรก trแปn vแบนn thแบฟ giแปi sแบฃn phแบฉm ฤa dแบกng vร trแบฃi nghiแปm dแปch vแปฅ khรกc biแปt cแปงa chรบng tรดi!</p>', 120, 'sale-thang-11.jpg', 'Hiแปn thแป'),
(2, 2, 'Mแบนo bแบฃo quแบฃn mแบญt ong ฤรบng cรกch giรบp giแปฏ nguyรชn dinh dฦฐแปกng', 'meo-bao-quan-mat-ong-dung-cach-giup-giu-nguyen-dinh-duong', '<p>Mแบญt ong lร mรณn quร quรฝ tแปซ thiรชn nhiรชn, nhฦฐng nแบฟu bแบฃo quแบฃn khรดng ฤรบng cรกch, hฦฐฦกng vแป vร chแบฅt lฦฐแปฃng sแบฝ giแบฃm sรบt.</p>\n                <ul>\n                    <li>Bแบฃo quแบฃn trong lแป thแปงy tinh, nฦกi khรด rรกo, trรกnh รกnh nแบฏng trแปฑc tiแบฟp.</li>\n                    <li>Khรดng ฤแป mแบญt ong trong tแปง lแบกnh vรฌ dแป kแบฟt tinh.</li>\n                    <li>ฤแบญy kรญn nแบฏp sau khi sแปญ dแปฅng ฤแป trรกnh แบฉm mแปc.</li>\n                </ul>\n                <p>รp dแปฅng nhแปฏng mแบนo nhแป nรy ฤแป mแบญt ong cแปงa bแบกn luรดn thฦกm ngon nhรฉ!</p><p>Siรชu Thแป Vina - ฤแปi Tรกc Phรขn Phแปi Hรng ฤแบงu Cho Mแปi Nhร\n        Siรชu Thแป Vina tแปฑ hรo lร ฤแปi tรกc phรขn phแปi ฤรกng tin cแบญy, cung cแบฅp ฤa dแบกng cรกc mแบทt hรng thiแบฟt yแบฟu tแปซ Sแปฉc khแปe, Chฤm sรณc cรก nhรขn, ฤiแปn mรกy ฤแบฟn Thiแบฟt bแป y tแบฟ, Bรกch hรณa vร nhiแปu hฦกn nแปฏa. Chรบng tรดi cam kแบฟt mang ฤแบฟn nhแปฏng sแบฃn phแบฉm chแบฅt lฦฐแปฃng vแปi giรก cแบฃ cแบกnh tranh nhแบฅt.\n\n        Tแบกi Sao Nรชn Chแปn Siรชu Thแป Vina?\n        Vแปi phฦฐฦกng chรขm \"Khรกch hรng lร trแปng tรขm\", Siรชu Thแป Vina khรดng ngแปซng nแป lแปฑc hoรn thiแปn ฤแป trแป thรnh ngฦฐแปi bแบกn ฤแปng hรnh tin cแบญy cแปงa mแปi gia ฤรฌnh Viแปt.\n\n        Chแบฅt lฦฐแปฃng ฤแบฃm bแบฃo: Tแบฅt cแบฃ sแบฃn phแบฉm ฤแปu ฤฦฐแปฃc tuyแปn chแปn kแปน lฦฐแปกng, ฤแบฃm bแบฃo an toรn vร cรณ nguแปn gแปc xuแบฅt xแปฉ rรต rรng.\n\n        Giรก cแบฃ cแบกnh tranh: Chรญnh sรกch giรก hแปฃp lรฝ nhแป chuแปi cung แปฉng ฤฦฐแปฃc tแปi ฦฐu hรณa.\n\n        Dแปch vแปฅ chuyรชn nghiแปp: ฤแปi ngลฉ nhรขn viรชn tแบญn tรขm, sแบตn sรng tฦฐ vแบฅn vร hแป trแปฃ.\n\n        Khรกm Phรก Cรกc Danh Mแปฅc Sแบฃn Phแบฉm Tแบกi Siรชu Thแป Vina\n        Siรชu Thแป Vina sแป hแปฏu mแปt hแป sinh thรกi sแบฃn phแบฉm toรn diแปn, ฤรกp แปฉng mแปi nhu cแบงu tแปซ cฦก bแบฃn ฤแบฟn cao cแบฅp cแปงa khรกch hรng.\n\n        ๐ฅ Sแปฉc Khแปe & Thiแบฟt Bแป Y Tแบฟ\n        Danh mแปฅc nรy cung cแบฅp cรกc sแบฃn phแบฉm chฤm sรณc sแปฉc khแปe chแปง ฤแปng vร thiแบฟt yแบฟu cho gia ฤรฌnh bแบกn. Tแปซ thแปฑc phแบฉm chแปฉc nฤng, vitamin hแป trแปฃ nรขng cao sแปฉc ฤแป khรกng, ฤแบฟn cรกc thiแบฟt bแป y tแบฟ nhฦฐ mรกy ฤo huyแบฟt รกp, nhiแปt kแบฟ ฤiแปn tแปญ, mรกy ฤo ฤฦฐแปng huyแบฟt, giรบp bแบกn dแป dรng theo dรตi tรฌnh trแบกng sแปฉc khแปe tแบกi nhร. Chรบng tรดi hiแปu rแบฑng sแปฉc khแปe lร vแปn quรฝ nhแบฅt, vรฌ vแบญy mแปi sแบฃn phแบฉm ฤแปu ฤฦฐแปฃc lแปฑa chแปn kแปน cรng.\n\n        ๐ Lรm ฤแบนp & Chฤm Sรณc Cรก Nhรขn\n        ฤรขy lร thiรชn ฤฦฐแปng dรnh cho nhแปฏng ai yรชu thรญch lรm ฤแบนp. Danh mแปฅc Lรm ฤแบนp vร Chฤm sรณc cรก nhรขn tแบกi Siรชu Thแป Vina bao gแปm ฤแบงy ฤแปง cรกc sแบฃn phแบฉm tแปซ mแปน phแบฉm, dฦฐแปฃc phแบฉm lรm ฤแบนp ฤแบฟn dแปฅng cแปฅ chฤm sรณc da, body. Bรชn cแบกnh ฤรณ, bแบกn cลฉng cรณ thแป tรฌm thแบฅy nhแปฏng vแบญt dแปฅng thiแบฟt yแบฟu hรng ngรy nhฦฐ bรn chแบฃi ฤรกnh rฤng, sแปฏa tแบฏm, dแบงu gแปi,... giรบp bแบกn luรดn tฦฐฦกi trแบป vร tแปฑ tin trong cuแปc sแปng.\n\n        ๐ Nhร Cแปญa & ฤแปi Sแปng\n        Biแบฟn ngรดi nhร thรnh tแป แบฅm thแปฑc sแปฑ vแปi danh mแปฅc Nhร cแปญa - ฤแปi sแปng. Chรบng tรดi cung cแบฅp vรด vรn cรกc sแบฃn phแบฉm gia dแปฅng, ฤแป dรนng nhร bแบฟp, vแบญt dแปฅng trang trรญ vร dแปฅng cแปฅ cแบฃi tแบกo nhร cแปญa. Tแปซ nhแปฏng chiแบฟc bรกt ฤฤฉa xinh xแบฏn ฤแบฟn cรกc thiแบฟt bแป vแป sinh, tแบฅt cแบฃ ฤแปu ฤฦฐแปฃc thiแบฟt kแบฟ tiแปn nghi vร hiแปn ฤแบกi, mang ฤแบฟn sแปฑ tiแปn lแปฃi vร thoแบฃi mรกi cho khรดng gian sแปng cแปงa bแบกn.\n\n        ๐จโ๐ฉโ๐งโ๐ฆ Mแบน Vร Bรฉ\n        ฤแปng hรnh cรนng cรกc bแบญc cha mแบน trong hรnh trรฌnh chฤm sรณc thiรชn thแบงn nhแป, danh mแปฅc Mแบน vร bรฉ cแปงa Siรชu Thแป Vina lร nฦกi bแบกn cรณ thแป tรฌm thแบฅy mแปi thแปฉ tแปซ sแปฏa bแปt, tรฃ lรณt, ฤแป dรนng ฤn dแบทm ฤแบฟn xe ฤแบฉy, ฤแป chฦกi an toรn. Cรกc sแบฃn phแบฉm ฤแปu ฤฦฐแปฃc kiแปm ฤแปnh nghiรชm ngแบทt vแป ฤแป an toรn, ฤแบฃm bแบฃo cho sแปฑ phรกt triแปn toรn diแปn cแปงa bรฉ yรชu.\n\n        โก ฤiแปn Mรกy & Bรกch Hรณa\n        ฤรกp แปฉng nhu cแบงu thiแบฟt yแบฟu vร nรขng cao chแบฅt lฦฐแปฃng sแปng, danh mแปฅc ฤiแปn mรกy cung cแบฅp cรกc thiแบฟt bแป nhฦฐ quแบกt, nแปi cฦกm ฤiแปn, bรn แปงi... tiแบฟt kiแปm ฤiแปn nฤng. Trong khi ฤรณ, danh mแปฅc Bรกch hรณa lร nฦกi bแบกn cรณ thแป mua sแบฏm mแปi thแปฉ tแปซ thแปฑc phแบฉm khรด, ฤแป gia vแป ฤแบฟn vฤn phรฒng phแบฉm, ฤแป dรนng hแปc tแบญp mแปt cรกch nhanh chรณng vร tiแปn lแปฃi.\n\n        ๐ Thแปi Trang\n        Cแบญp nhแบญt nhแปฏng xu hฦฐแปng thแปi trang mแปi nhแบฅt vแปi danh mแปฅc Thแปi trang tแบกi Siรชu Thแป Vina. Chรบng tรดi mang ฤแบฟn cho bแบกn nhแปฏng bแป trang phแปฅc ฤa dแบกng tแปซ quแบงn รกo, giรy dรฉp ฤแบฟn phแปฅ kiแปn thแปi trang phรน hแปฃp cho mแปi lแปฉa tuแปi vร dแปp sแปญ dแปฅng, giรบp bแบกn luรดn nแปi bแบญt vร cรก tรญnh.\n\n        Trแบฃi Nghiแปm Mua Sแบฏm Khรกc Biแปt Tแบกi Siรชu Thแป Vina\n        Khi ฤแบฟn vแปi Siรชu Thแป Vina, bแบกn khรดng chแป ฤฦกn thuแบงn lร mua sแบฏm mร cรฒn lร trแบฃi nghiแปm mแปt dแปch vแปฅ toรn diแปn. Chรบng tรดi sแป hแปฏu hแป thแปng siรชu thแป rแปng khแบฏp vแปi khรดng gian mua sแบฏm thoรกng ฤรฃng, sแบกch sแบฝ. ฤแปi ngลฉ nhรขn viรชn tฦฐ vแบฅn ฤฦฐแปฃc ฤรo tแบกo bรi bแบฃn, luรดn sแบตn sรng lแบฏng nghe vร giแบฃi ฤรกp mแปi thแบฏc mแบฏc cแปงa bแบกn. Bรชn cแบกnh ฤรณ, chรญnh sรกch hแบญu mรฃi, bแบฃo hรnh vร ฤแปi trแบฃ rรต rรng, minh bแบกch sแบฝ mang ฤแบฟn cho bแบกn sแปฑ an tรขm tuyแปt ฤแปi.\n\n        Kแบฟt Luแบญn\n        Siรชu Thแป Vina khรดng ngแปซng phแบฅn ฤแบฅu ฤแป trแป thรnh ฤiแปm ฤแบฟn mua sแบฏm tin cแบญy, nฦกi mแปi khรกch hรng ฤแปu cรณ thแป tรฌm thแบฅy nhแปฏng sแบฃn phแบฉm chแบฅt lฦฐแปฃng vแปi mแปฉc giรก hแปฃp lรฝ nhแบฅt. Hรฃy ghรฉ thฤm Siรชu Thแป Vina ngay hรดm nay ฤแป khรกm phรก trแปn vแบนn thแบฟ giแปi sแบฃn phแบฉm ฤa dแบกng vร trแบฃi nghiแปm dแปch vแปฅ khรกc biแปt cแปงa chรบng tรดi!</p>', 80, 'bao-quan-mat-ong.jpg', 'Hiแปn thแป'),
(3, 2, 'Cรกch lแปฑa chแปn sแปฏa non phรน hแปฃp cho bรฉ yรชu phรกt triแปn toรn diแปn', 'cach-lua-chon-sua-non-phu-hop-cho-be-yeu-phat-trien-toan-dien', '<p>Sแปฏa non lร nguแปn dinh dฦฐแปกng quรฝ giรก giรบp tฤng cฦฐแปng sแปฉc ฤแป khรกng vร phรกt triแปn chiแปu cao cho trแบป nhแป.</p>\n                <p>Khi chแปn sแปฏa non, hรฃy chรบ รฝ:</p>\n                <ul>\n                    <li>Xuแบฅt xแปฉ rรต rรng, cรณ chแปฉng nhแบญn an toรn.</li>\n                    <li>Thรnh phแบงn giรu canxi, protein, vร DHA.</li>\n                    <li>Phรน hแปฃp vแปi ฤแป tuแปi cแปงa bรฉ.</li>\n                </ul>\n                <p><strong>Papamilk Height & Gain</strong> lร lแปฑa chแปn ฤฦฐแปฃc nhiแปu mแบน tin dรนng tแบกi Siรชu Thแป Vina.</p><p>Siรชu Thแป Vina - ฤแปi Tรกc Phรขn Phแปi Hรng ฤแบงu Cho Mแปi Nhร\n        Siรชu Thแป Vina tแปฑ hรo lร ฤแปi tรกc phรขn phแปi ฤรกng tin cแบญy, cung cแบฅp ฤa dแบกng cรกc mแบทt hรng thiแบฟt yแบฟu tแปซ Sแปฉc khแปe, Chฤm sรณc cรก nhรขn, ฤiแปn mรกy ฤแบฟn Thiแบฟt bแป y tแบฟ, Bรกch hรณa vร nhiแปu hฦกn nแปฏa. Chรบng tรดi cam kแบฟt mang ฤแบฟn nhแปฏng sแบฃn phแบฉm chแบฅt lฦฐแปฃng vแปi giรก cแบฃ cแบกnh tranh nhแบฅt.\n\n        Tแบกi Sao Nรชn Chแปn Siรชu Thแป Vina?\n        Vแปi phฦฐฦกng chรขm \"Khรกch hรng lร trแปng tรขm\", Siรชu Thแป Vina khรดng ngแปซng nแป lแปฑc hoรn thiแปn ฤแป trแป thรnh ngฦฐแปi bแบกn ฤแปng hรnh tin cแบญy cแปงa mแปi gia ฤรฌnh Viแปt.\n\n        Chแบฅt lฦฐแปฃng ฤแบฃm bแบฃo: Tแบฅt cแบฃ sแบฃn phแบฉm ฤแปu ฤฦฐแปฃc tuyแปn chแปn kแปน lฦฐแปกng, ฤแบฃm bแบฃo an toรn vร cรณ nguแปn gแปc xuแบฅt xแปฉ rรต rรng.\n\n        Giรก cแบฃ cแบกnh tranh: Chรญnh sรกch giรก hแปฃp lรฝ nhแป chuแปi cung แปฉng ฤฦฐแปฃc tแปi ฦฐu hรณa.\n\n        Dแปch vแปฅ chuyรชn nghiแปp: ฤแปi ngลฉ nhรขn viรชn tแบญn tรขm, sแบตn sรng tฦฐ vแบฅn vร hแป trแปฃ.\n\n        Khรกm Phรก Cรกc Danh Mแปฅc Sแบฃn Phแบฉm Tแบกi Siรชu Thแป Vina\n        Siรชu Thแป Vina sแป hแปฏu mแปt hแป sinh thรกi sแบฃn phแบฉm toรn diแปn, ฤรกp แปฉng mแปi nhu cแบงu tแปซ cฦก bแบฃn ฤแบฟn cao cแบฅp cแปงa khรกch hรng.\n\n        ๐ฅ Sแปฉc Khแปe & Thiแบฟt Bแป Y Tแบฟ\n        Danh mแปฅc nรy cung cแบฅp cรกc sแบฃn phแบฉm chฤm sรณc sแปฉc khแปe chแปง ฤแปng vร thiแบฟt yแบฟu cho gia ฤรฌnh bแบกn. Tแปซ thแปฑc phแบฉm chแปฉc nฤng, vitamin hแป trแปฃ nรขng cao sแปฉc ฤแป khรกng, ฤแบฟn cรกc thiแบฟt bแป y tแบฟ nhฦฐ mรกy ฤo huyแบฟt รกp, nhiแปt kแบฟ ฤiแปn tแปญ, mรกy ฤo ฤฦฐแปng huyแบฟt, giรบp bแบกn dแป dรng theo dรตi tรฌnh trแบกng sแปฉc khแปe tแบกi nhร. Chรบng tรดi hiแปu rแบฑng sแปฉc khแปe lร vแปn quรฝ nhแบฅt, vรฌ vแบญy mแปi sแบฃn phแบฉm ฤแปu ฤฦฐแปฃc lแปฑa chแปn kแปน cรng.\n\n        ๐ Lรm ฤแบนp & Chฤm Sรณc Cรก Nhรขn\n        ฤรขy lร thiรชn ฤฦฐแปng dรnh cho nhแปฏng ai yรชu thรญch lรm ฤแบนp. Danh mแปฅc Lรm ฤแบนp vร Chฤm sรณc cรก nhรขn tแบกi Siรชu Thแป Vina bao gแปm ฤแบงy ฤแปง cรกc sแบฃn phแบฉm tแปซ mแปน phแบฉm, dฦฐแปฃc phแบฉm lรm ฤแบนp ฤแบฟn dแปฅng cแปฅ chฤm sรณc da, body. Bรชn cแบกnh ฤรณ, bแบกn cลฉng cรณ thแป tรฌm thแบฅy nhแปฏng vแบญt dแปฅng thiแบฟt yแบฟu hรng ngรy nhฦฐ bรn chแบฃi ฤรกnh rฤng, sแปฏa tแบฏm, dแบงu gแปi,... giรบp bแบกn luรดn tฦฐฦกi trแบป vร tแปฑ tin trong cuแปc sแปng.\n\n        ๐ Nhร Cแปญa & ฤแปi Sแปng\n        Biแบฟn ngรดi nhร thรnh tแป แบฅm thแปฑc sแปฑ vแปi danh mแปฅc Nhร cแปญa - ฤแปi sแปng. Chรบng tรดi cung cแบฅp vรด vรn cรกc sแบฃn phแบฉm gia dแปฅng, ฤแป dรนng nhร bแบฟp, vแบญt dแปฅng trang trรญ vร dแปฅng cแปฅ cแบฃi tแบกo nhร cแปญa. Tแปซ nhแปฏng chiแบฟc bรกt ฤฤฉa xinh xแบฏn ฤแบฟn cรกc thiแบฟt bแป vแป sinh, tแบฅt cแบฃ ฤแปu ฤฦฐแปฃc thiแบฟt kแบฟ tiแปn nghi vร hiแปn ฤแบกi, mang ฤแบฟn sแปฑ tiแปn lแปฃi vร thoแบฃi mรกi cho khรดng gian sแปng cแปงa bแบกn.\n\n        ๐จโ๐ฉโ๐งโ๐ฆ Mแบน Vร Bรฉ\n        ฤแปng hรnh cรนng cรกc bแบญc cha mแบน trong hรnh trรฌnh chฤm sรณc thiรชn thแบงn nhแป, danh mแปฅc Mแบน vร bรฉ cแปงa Siรชu Thแป Vina lร nฦกi bแบกn cรณ thแป tรฌm thแบฅy mแปi thแปฉ tแปซ sแปฏa bแปt, tรฃ lรณt, ฤแป dรนng ฤn dแบทm ฤแบฟn xe ฤแบฉy, ฤแป chฦกi an toรn. Cรกc sแบฃn phแบฉm ฤแปu ฤฦฐแปฃc kiแปm ฤแปnh nghiรชm ngแบทt vแป ฤแป an toรn, ฤแบฃm bแบฃo cho sแปฑ phรกt triแปn toรn diแปn cแปงa bรฉ yรชu.\n\n        โก ฤiแปn Mรกy & Bรกch Hรณa\n        ฤรกp แปฉng nhu cแบงu thiแบฟt yแบฟu vร nรขng cao chแบฅt lฦฐแปฃng sแปng, danh mแปฅc ฤiแปn mรกy cung cแบฅp cรกc thiแบฟt bแป nhฦฐ quแบกt, nแปi cฦกm ฤiแปn, bรn แปงi... tiแบฟt kiแปm ฤiแปn nฤng. Trong khi ฤรณ, danh mแปฅc Bรกch hรณa lร nฦกi bแบกn cรณ thแป mua sแบฏm mแปi thแปฉ tแปซ thแปฑc phแบฉm khรด, ฤแป gia vแป ฤแบฟn vฤn phรฒng phแบฉm, ฤแป dรนng hแปc tแบญp mแปt cรกch nhanh chรณng vร tiแปn lแปฃi.\n\n        ๐ Thแปi Trang\n        Cแบญp nhแบญt nhแปฏng xu hฦฐแปng thแปi trang mแปi nhแบฅt vแปi danh mแปฅc Thแปi trang tแบกi Siรชu Thแป Vina. Chรบng tรดi mang ฤแบฟn cho bแบกn nhแปฏng bแป trang phแปฅc ฤa dแบกng tแปซ quแบงn รกo, giรy dรฉp ฤแบฟn phแปฅ kiแปn thแปi trang phรน hแปฃp cho mแปi lแปฉa tuแปi vร dแปp sแปญ dแปฅng, giรบp bแบกn luรดn nแปi bแบญt vร cรก tรญnh.\n\n        Trแบฃi Nghiแปm Mua Sแบฏm Khรกc Biแปt Tแบกi Siรชu Thแป Vina\n        Khi ฤแบฟn vแปi Siรชu Thแป Vina, bแบกn khรดng chแป ฤฦกn thuแบงn lร mua sแบฏm mร cรฒn lร trแบฃi nghiแปm mแปt dแปch vแปฅ toรn diแปn. Chรบng tรดi sแป hแปฏu hแป thแปng siรชu thแป rแปng khแบฏp vแปi khรดng gian mua sแบฏm thoรกng ฤรฃng, sแบกch sแบฝ. ฤแปi ngลฉ nhรขn viรชn tฦฐ vแบฅn ฤฦฐแปฃc ฤรo tแบกo bรi bแบฃn, luรดn sแบตn sรng lแบฏng nghe vร giแบฃi ฤรกp mแปi thแบฏc mแบฏc cแปงa bแบกn. Bรชn cแบกnh ฤรณ, chรญnh sรกch hแบญu mรฃi, bแบฃo hรnh vร ฤแปi trแบฃ rรต rรng, minh bแบกch sแบฝ mang ฤแบฟn cho bแบกn sแปฑ an tรขm tuyแปt ฤแปi.\n\n        Kแบฟt Luแบญn\n        Siรชu Thแป Vina khรดng ngแปซng phแบฅn ฤแบฅu ฤแป trแป thรnh ฤiแปm ฤแบฟn mua sแบฏm tin cแบญy, nฦกi mแปi khรกch hรng ฤแปu cรณ thแป tรฌm thแบฅy nhแปฏng sแบฃn phแบฉm chแบฅt lฦฐแปฃng vแปi mแปฉc giรก hแปฃp lรฝ nhแบฅt. Hรฃy ghรฉ thฤm Siรชu Thแป Vina ngay hรดm nay ฤแป khรกm phรก trแปn vแบนn thแบฟ giแปi sแบฃn phแบฉm ฤa dแบกng vร trแบฃi nghiแปm dแปch vแปฅ khรกc biแปt cแปงa chรบng tรดi!</p>', 55, 'sua-non-cho-be.jpg', 'Hiแปn thแป'),
(4, 2, 'Tinh dแบงu trรm thiรชn nhiรชn โ Bรญ quyแบฟt chฤm sรณc sแปฉc khแปe gia ฤรฌnh', 'tinh-dau-tram-thien-nhien-bi-quyet-cham-soc-suc-khoe-gia-dinh', '<p>Tinh dแบงu trรm cรณ cรดng dแปฅng khรกng khuแบฉn, giแบฃm ho, vร giแปฏ แบฅm cฦก thแป โ ฤแบทc biแปt hแปฏu รญch cho mรนa lแบกnh.</p>\n                <p><strong>Siรชu Thแป Vina</strong> mang ฤแบฟn dรฒng tinh dแบงu trรm ECO 100% tแปฑ nhiรชn, an toรn cho trแบป nhแป.</p>\n                <p>Sแบฃn phแบฉm hiแปn ฤang ฤฦฐแปฃc giแบฃm giรก 15% trong thรกng nรy!</p><p>Siรชu Thแป Vina - ฤแปi Tรกc Phรขn Phแปi Hรng ฤแบงu Cho Mแปi Nhร\n        Siรชu Thแป Vina tแปฑ hรo lร ฤแปi tรกc phรขn phแปi ฤรกng tin cแบญy, cung cแบฅp ฤa dแบกng cรกc mแบทt hรng thiแบฟt yแบฟu tแปซ Sแปฉc khแปe, Chฤm sรณc cรก nhรขn, ฤiแปn mรกy ฤแบฟn Thiแบฟt bแป y tแบฟ, Bรกch hรณa vร nhiแปu hฦกn nแปฏa. Chรบng tรดi cam kแบฟt mang ฤแบฟn nhแปฏng sแบฃn phแบฉm chแบฅt lฦฐแปฃng vแปi giรก cแบฃ cแบกnh tranh nhแบฅt.\n\n        Tแบกi Sao Nรชn Chแปn Siรชu Thแป Vina?\n        Vแปi phฦฐฦกng chรขm \"Khรกch hรng lร trแปng tรขm\", Siรชu Thแป Vina khรดng ngแปซng nแป lแปฑc hoรn thiแปn ฤแป trแป thรnh ngฦฐแปi bแบกn ฤแปng hรnh tin cแบญy cแปงa mแปi gia ฤรฌnh Viแปt.\n\n        Chแบฅt lฦฐแปฃng ฤแบฃm bแบฃo: Tแบฅt cแบฃ sแบฃn phแบฉm ฤแปu ฤฦฐแปฃc tuyแปn chแปn kแปน lฦฐแปกng, ฤแบฃm bแบฃo an toรn vร cรณ nguแปn gแปc xuแบฅt xแปฉ rรต rรng.\n\n        Giรก cแบฃ cแบกnh tranh: Chรญnh sรกch giรก hแปฃp lรฝ nhแป chuแปi cung แปฉng ฤฦฐแปฃc tแปi ฦฐu hรณa.\n\n        Dแปch vแปฅ chuyรชn nghiแปp: ฤแปi ngลฉ nhรขn viรชn tแบญn tรขm, sแบตn sรng tฦฐ vแบฅn vร hแป trแปฃ.\n\n        Khรกm Phรก Cรกc Danh Mแปฅc Sแบฃn Phแบฉm Tแบกi Siรชu Thแป Vina\n        Siรชu Thแป Vina sแป hแปฏu mแปt hแป sinh thรกi sแบฃn phแบฉm toรn diแปn, ฤรกp แปฉng mแปi nhu cแบงu tแปซ cฦก bแบฃn ฤแบฟn cao cแบฅp cแปงa khรกch hรng.\n\n        ๐ฅ Sแปฉc Khแปe & Thiแบฟt Bแป Y Tแบฟ\n        Danh mแปฅc nรy cung cแบฅp cรกc sแบฃn phแบฉm chฤm sรณc sแปฉc khแปe chแปง ฤแปng vร thiแบฟt yแบฟu cho gia ฤรฌnh bแบกn. Tแปซ thแปฑc phแบฉm chแปฉc nฤng, vitamin hแป trแปฃ nรขng cao sแปฉc ฤแป khรกng, ฤแบฟn cรกc thiแบฟt bแป y tแบฟ nhฦฐ mรกy ฤo huyแบฟt รกp, nhiแปt kแบฟ ฤiแปn tแปญ, mรกy ฤo ฤฦฐแปng huyแบฟt, giรบp bแบกn dแป dรng theo dรตi tรฌnh trแบกng sแปฉc khแปe tแบกi nhร. Chรบng tรดi hiแปu rแบฑng sแปฉc khแปe lร vแปn quรฝ nhแบฅt, vรฌ vแบญy mแปi sแบฃn phแบฉm ฤแปu ฤฦฐแปฃc lแปฑa chแปn kแปน cรng.\n\n        ๐ Lรm ฤแบนp & Chฤm Sรณc Cรก Nhรขn\n        ฤรขy lร thiรชn ฤฦฐแปng dรnh cho nhแปฏng ai yรชu thรญch lรm ฤแบนp. Danh mแปฅc Lรm ฤแบนp vร Chฤm sรณc cรก nhรขn tแบกi Siรชu Thแป Vina bao gแปm ฤแบงy ฤแปง cรกc sแบฃn phแบฉm tแปซ mแปน phแบฉm, dฦฐแปฃc phแบฉm lรm ฤแบนp ฤแบฟn dแปฅng cแปฅ chฤm sรณc da, body. Bรชn cแบกnh ฤรณ, bแบกn cลฉng cรณ thแป tรฌm thแบฅy nhแปฏng vแบญt dแปฅng thiแบฟt yแบฟu hรng ngรy nhฦฐ bรn chแบฃi ฤรกnh rฤng, sแปฏa tแบฏm, dแบงu gแปi,... giรบp bแบกn luรดn tฦฐฦกi trแบป vร tแปฑ tin trong cuแปc sแปng.\n\n        ๐ Nhร Cแปญa & ฤแปi Sแปng\n        Biแบฟn ngรดi nhร thรnh tแป แบฅm thแปฑc sแปฑ vแปi danh mแปฅc Nhร cแปญa - ฤแปi sแปng. Chรบng tรดi cung cแบฅp vรด vรn cรกc sแบฃn phแบฉm gia dแปฅng, ฤแป dรนng nhร bแบฟp, vแบญt dแปฅng trang trรญ vร dแปฅng cแปฅ cแบฃi tแบกo nhร cแปญa. Tแปซ nhแปฏng chiแบฟc bรกt ฤฤฉa xinh xแบฏn ฤแบฟn cรกc thiแบฟt bแป vแป sinh, tแบฅt cแบฃ ฤแปu ฤฦฐแปฃc thiแบฟt kแบฟ tiแปn nghi vร hiแปn ฤแบกi, mang ฤแบฟn sแปฑ tiแปn lแปฃi vร thoแบฃi mรกi cho khรดng gian sแปng cแปงa bแบกn.\n\n        ๐จโ๐ฉโ๐งโ๐ฆ Mแบน Vร Bรฉ\n        ฤแปng hรnh cรนng cรกc bแบญc cha mแบน trong hรnh trรฌnh chฤm sรณc thiรชn thแบงn nhแป, danh mแปฅc Mแบน vร bรฉ cแปงa Siรชu Thแป Vina lร nฦกi bแบกn cรณ thแป tรฌm thแบฅy mแปi thแปฉ tแปซ sแปฏa bแปt, tรฃ lรณt, ฤแป dรนng ฤn dแบทm ฤแบฟn xe ฤแบฉy, ฤแป chฦกi an toรn. Cรกc sแบฃn phแบฉm ฤแปu ฤฦฐแปฃc kiแปm ฤแปnh nghiรชm ngแบทt vแป ฤแป an toรn, ฤแบฃm bแบฃo cho sแปฑ phรกt triแปn toรn diแปn cแปงa bรฉ yรชu.\n\n        โก ฤiแปn Mรกy & Bรกch Hรณa\n        ฤรกp แปฉng nhu cแบงu thiแบฟt yแบฟu vร nรขng cao chแบฅt lฦฐแปฃng sแปng, danh mแปฅc ฤiแปn mรกy cung cแบฅp cรกc thiแบฟt bแป nhฦฐ quแบกt, nแปi cฦกm ฤiแปn, bรn แปงi... tiแบฟt kiแปm ฤiแปn nฤng. Trong khi ฤรณ, danh mแปฅc Bรกch hรณa lร nฦกi bแบกn cรณ thแป mua sแบฏm mแปi thแปฉ tแปซ thแปฑc phแบฉm khรด, ฤแป gia vแป ฤแบฟn vฤn phรฒng phแบฉm, ฤแป dรนng hแปc tแบญp mแปt cรกch nhanh chรณng vร tiแปn lแปฃi.\n\n        ๐ Thแปi Trang\n        Cแบญp nhแบญt nhแปฏng xu hฦฐแปng thแปi trang mแปi nhแบฅt vแปi danh mแปฅc Thแปi trang tแบกi Siรชu Thแป Vina. Chรบng tรดi mang ฤแบฟn cho bแบกn nhแปฏng bแป trang phแปฅc ฤa dแบกng tแปซ quแบงn รกo, giรy dรฉp ฤแบฟn phแปฅ kiแปn thแปi trang phรน hแปฃp cho mแปi lแปฉa tuแปi vร dแปp sแปญ dแปฅng, giรบp bแบกn luรดn nแปi bแบญt vร cรก tรญnh.\n\n        Trแบฃi Nghiแปm Mua Sแบฏm Khรกc Biแปt Tแบกi Siรชu Thแป Vina\n        Khi ฤแบฟn vแปi Siรชu Thแป Vina, bแบกn khรดng chแป ฤฦกn thuแบงn lร mua sแบฏm mร cรฒn lร trแบฃi nghiแปm mแปt dแปch vแปฅ toรn diแปn. Chรบng tรดi sแป hแปฏu hแป thแปng siรชu thแป rแปng khแบฏp vแปi khรดng gian mua sแบฏm thoรกng ฤรฃng, sแบกch sแบฝ. ฤแปi ngลฉ nhรขn viรชn tฦฐ vแบฅn ฤฦฐแปฃc ฤรo tแบกo bรi bแบฃn, luรดn sแบตn sรng lแบฏng nghe vร giแบฃi ฤรกp mแปi thแบฏc mแบฏc cแปงa bแบกn. Bรชn cแบกnh ฤรณ, chรญnh sรกch hแบญu mรฃi, bแบฃo hรnh vร ฤแปi trแบฃ rรต rรng, minh bแบกch sแบฝ mang ฤแบฟn cho bแบกn sแปฑ an tรขm tuyแปt ฤแปi.\n\n        Kแบฟt Luแบญn\n        Siรชu Thแป Vina khรดng ngแปซng phแบฅn ฤแบฅu ฤแป trแป thรnh ฤiแปm ฤแบฟn mua sแบฏm tin cแบญy, nฦกi mแปi khรกch hรng ฤแปu cรณ thแป tรฌm thแบฅy nhแปฏng sแบฃn phแบฉm chแบฅt lฦฐแปฃng vแปi mแปฉc giรก hแปฃp lรฝ nhแบฅt. Hรฃy ghรฉ thฤm Siรชu Thแป Vina ngay hรดm nay ฤแป khรกm phรก trแปn vแบนn thแบฟ giแปi sแบฃn phแบฉm ฤa dแบกng vร trแบฃi nghiแปm dแปch vแปฅ khรกc biแปt cแปงa chรบng tรดi!</p>', 95, 'tinh-dau-tram-eco.jpg', 'Hiแปn thแป'),
(5, 2, 'Bรญ quyแบฟt lรm ฤแบนp da vแปi collagen thแปงy phรขn โ Cแบญp nhแบญt xu hฦฐแปng 2025', 'bi-quyet-lam-dep-da-voi-collagen-thuy-phan-cap-nhat-xu-huong-2025', '<p>Collagen thแปงy phรขn giรบp da sรกng mแปn, ฤรn hแปi vร trแบป hรณa. Sแบฃn phแบฉm <strong>Acai Labs Marine Collagen</strong> nhแบญp khแบฉu Australia hiแปn ฤang rแบฅt ฤฦฐแปฃc ฦฐa chuแปng.</p>\n                <p>Uแปng mแปi ngรy 1 gรณi, sau 2 tuแบงn bแบกn sแบฝ cแบฃm nhแบญn lรn da cฤng mฦฐแปt tแปฑ nhiรชn.</p><p>Siรชu Thแป Vina - ฤแปi Tรกc Phรขn Phแปi Hรng ฤแบงu Cho Mแปi Nhร\n        Siรชu Thแป Vina tแปฑ hรo lร ฤแปi tรกc phรขn phแปi ฤรกng tin cแบญy, cung cแบฅp ฤa dแบกng cรกc mแบทt hรng thiแบฟt yแบฟu tแปซ Sแปฉc khแปe, Chฤm sรณc cรก nhรขn, ฤiแปn mรกy ฤแบฟn Thiแบฟt bแป y tแบฟ, Bรกch hรณa vร nhiแปu hฦกn nแปฏa. Chรบng tรดi cam kแบฟt mang ฤแบฟn nhแปฏng sแบฃn phแบฉm chแบฅt lฦฐแปฃng vแปi giรก cแบฃ cแบกnh tranh nhแบฅt.\n\n        Tแบกi Sao Nรชn Chแปn Siรชu Thแป Vina?\n        Vแปi phฦฐฦกng chรขm \"Khรกch hรng lร trแปng tรขm\", Siรชu Thแป Vina khรดng ngแปซng nแป lแปฑc hoรn thiแปn ฤแป trแป thรnh ngฦฐแปi bแบกn ฤแปng hรnh tin cแบญy cแปงa mแปi gia ฤรฌnh Viแปt.\n\n        Chแบฅt lฦฐแปฃng ฤแบฃm bแบฃo: Tแบฅt cแบฃ sแบฃn phแบฉm ฤแปu ฤฦฐแปฃc tuyแปn chแปn kแปน lฦฐแปกng, ฤแบฃm bแบฃo an toรn vร cรณ nguแปn gแปc xuแบฅt xแปฉ rรต rรng.\n\n        Giรก cแบฃ cแบกnh tranh: Chรญnh sรกch giรก hแปฃp lรฝ nhแป chuแปi cung แปฉng ฤฦฐแปฃc tแปi ฦฐu hรณa.\n\n        Dแปch vแปฅ chuyรชn nghiแปp: ฤแปi ngลฉ nhรขn viรชn tแบญn tรขm, sแบตn sรng tฦฐ vแบฅn vร hแป trแปฃ.\n\n        Khรกm Phรก Cรกc Danh Mแปฅc Sแบฃn Phแบฉm Tแบกi Siรชu Thแป Vina\n        Siรชu Thแป Vina sแป hแปฏu mแปt hแป sinh thรกi sแบฃn phแบฉm toรn diแปn, ฤรกp แปฉng mแปi nhu cแบงu tแปซ cฦก bแบฃn ฤแบฟn cao cแบฅp cแปงa khรกch hรng.\n\n        ๐ฅ Sแปฉc Khแปe & Thiแบฟt Bแป Y Tแบฟ\n        Danh mแปฅc nรy cung cแบฅp cรกc sแบฃn phแบฉm chฤm sรณc sแปฉc khแปe chแปง ฤแปng vร thiแบฟt yแบฟu cho gia ฤรฌnh bแบกn. Tแปซ thแปฑc phแบฉm chแปฉc nฤng, vitamin hแป trแปฃ nรขng cao sแปฉc ฤแป khรกng, ฤแบฟn cรกc thiแบฟt bแป y tแบฟ nhฦฐ mรกy ฤo huyแบฟt รกp, nhiแปt kแบฟ ฤiแปn tแปญ, mรกy ฤo ฤฦฐแปng huyแบฟt, giรบp bแบกn dแป dรng theo dรตi tรฌnh trแบกng sแปฉc khแปe tแบกi nhร. Chรบng tรดi hiแปu rแบฑng sแปฉc khแปe lร vแปn quรฝ nhแบฅt, vรฌ vแบญy mแปi sแบฃn phแบฉm ฤแปu ฤฦฐแปฃc lแปฑa chแปn kแปน cรng.\n\n        ๐ Lรm ฤแบนp & Chฤm Sรณc Cรก Nhรขn\n        ฤรขy lร thiรชn ฤฦฐแปng dรnh cho nhแปฏng ai yรชu thรญch lรm ฤแบนp. Danh mแปฅc Lรm ฤแบนp vร Chฤm sรณc cรก nhรขn tแบกi Siรชu Thแป Vina bao gแปm ฤแบงy ฤแปง cรกc sแบฃn phแบฉm tแปซ mแปน phแบฉm, dฦฐแปฃc phแบฉm lรm ฤแบนp ฤแบฟn dแปฅng cแปฅ chฤm sรณc da, body. Bรชn cแบกnh ฤรณ, bแบกn cลฉng cรณ thแป tรฌm thแบฅy nhแปฏng vแบญt dแปฅng thiแบฟt yแบฟu hรng ngรy nhฦฐ bรn chแบฃi ฤรกnh rฤng, sแปฏa tแบฏm, dแบงu gแปi,... giรบp bแบกn luรดn tฦฐฦกi trแบป vร tแปฑ tin trong cuแปc sแปng.\n\n        ๐ Nhร Cแปญa & ฤแปi Sแปng\n        Biแบฟn ngรดi nhร thรnh tแป แบฅm thแปฑc sแปฑ vแปi danh mแปฅc Nhร cแปญa - ฤแปi sแปng. Chรบng tรดi cung cแบฅp vรด vรn cรกc sแบฃn phแบฉm gia dแปฅng, ฤแป dรนng nhร bแบฟp, vแบญt dแปฅng trang trรญ vร dแปฅng cแปฅ cแบฃi tแบกo nhร cแปญa. Tแปซ nhแปฏng chiแบฟc bรกt ฤฤฉa xinh xแบฏn ฤแบฟn cรกc thiแบฟt bแป vแป sinh, tแบฅt cแบฃ ฤแปu ฤฦฐแปฃc thiแบฟt kแบฟ tiแปn nghi vร hiแปn ฤแบกi, mang ฤแบฟn sแปฑ tiแปn lแปฃi vร thoแบฃi mรกi cho khรดng gian sแปng cแปงa bแบกn.\n\n        ๐จโ๐ฉโ๐งโ๐ฆ Mแบน Vร Bรฉ\n        ฤแปng hรnh cรนng cรกc bแบญc cha mแบน trong hรnh trรฌnh chฤm sรณc thiรชn thแบงn nhแป, danh mแปฅc Mแบน vร bรฉ cแปงa Siรชu Thแป Vina lร nฦกi bแบกn cรณ thแป tรฌm thแบฅy mแปi thแปฉ tแปซ sแปฏa bแปt, tรฃ lรณt, ฤแป dรนng ฤn dแบทm ฤแบฟn xe ฤแบฉy, ฤแป chฦกi an toรn. Cรกc sแบฃn phแบฉm ฤแปu ฤฦฐแปฃc kiแปm ฤแปnh nghiรชm ngแบทt vแป ฤแป an toรn, ฤแบฃm bแบฃo cho sแปฑ phรกt triแปn toรn diแปn cแปงa bรฉ yรชu.\n\n        โก ฤiแปn Mรกy & Bรกch Hรณa\n        ฤรกp แปฉng nhu cแบงu thiแบฟt yแบฟu vร nรขng cao chแบฅt lฦฐแปฃng sแปng, danh mแปฅc ฤiแปn mรกy cung cแบฅp cรกc thiแบฟt bแป nhฦฐ quแบกt, nแปi cฦกm ฤiแปn, bรn แปงi... tiแบฟt kiแปm ฤiแปn nฤng. Trong khi ฤรณ, danh mแปฅc Bรกch hรณa lร nฦกi bแบกn cรณ thแป mua sแบฏm mแปi thแปฉ tแปซ thแปฑc phแบฉm khรด, ฤแป gia vแป ฤแบฟn vฤn phรฒng phแบฉm, ฤแป dรนng hแปc tแบญp mแปt cรกch nhanh chรณng vร tiแปn lแปฃi.\n\n        ๐ Thแปi Trang\n        Cแบญp nhแบญt nhแปฏng xu hฦฐแปng thแปi trang mแปi nhแบฅt vแปi danh mแปฅc Thแปi trang tแบกi Siรชu Thแป Vina. Chรบng tรดi mang ฤแบฟn cho bแบกn nhแปฏng bแป trang phแปฅc ฤa dแบกng tแปซ quแบงn รกo, giรy dรฉp ฤแบฟn phแปฅ kiแปn thแปi trang phรน hแปฃp cho mแปi lแปฉa tuแปi vร dแปp sแปญ dแปฅng, giรบp bแบกn luรดn nแปi bแบญt vร cรก tรญnh.\n\n        Trแบฃi Nghiแปm Mua Sแบฏm Khรกc Biแปt Tแบกi Siรชu Thแป Vina\n        Khi ฤแบฟn vแปi Siรชu Thแป Vina, bแบกn khรดng chแป ฤฦกn thuแบงn lร mua sแบฏm mร cรฒn lร trแบฃi nghiแปm mแปt dแปch vแปฅ toรn diแปn. Chรบng tรดi sแป hแปฏu hแป thแปng siรชu thแป rแปng khแบฏp vแปi khรดng gian mua sแบฏm thoรกng ฤรฃng, sแบกch sแบฝ. ฤแปi ngลฉ nhรขn viรชn tฦฐ vแบฅn ฤฦฐแปฃc ฤรo tแบกo bรi bแบฃn, luรดn sแบตn sรng lแบฏng nghe vร giแบฃi ฤรกp mแปi thแบฏc mแบฏc cแปงa bแบกn. Bรชn cแบกnh ฤรณ, chรญnh sรกch hแบญu mรฃi, bแบฃo hรnh vร ฤแปi trแบฃ rรต rรng, minh bแบกch sแบฝ mang ฤแบฟn cho bแบกn sแปฑ an tรขm tuyแปt ฤแปi.\n\n        Kแบฟt Luแบญn\n        Siรชu Thแป Vina khรดng ngแปซng phแบฅn ฤแบฅu ฤแป trแป thรnh ฤiแปm ฤแบฟn mua sแบฏm tin cแบญy, nฦกi mแปi khรกch hรng ฤแปu cรณ thแป tรฌm thแบฅy nhแปฏng sแบฃn phแบฉm chแบฅt lฦฐแปฃng vแปi mแปฉc giรก hแปฃp lรฝ nhแบฅt. Hรฃy ghรฉ thฤm Siรชu Thแป Vina ngay hรดm nay ฤแป khรกm phรก trแปn vแบนn thแบฟ giแปi sแบฃn phแบฉm ฤa dแบกng vร trแบฃi nghiแปm dแปch vแปฅ khรกc biแปt cแปงa chรบng tรดi!</p>', 40, 'collagen-thuy-phan.jpg', 'Hiแปn thแป'),
(6, 2, 'Khuyแบฟn mรฃi ฤแบทc biแปt โ Miแปn phรญ vแบญn chuyแปn cho ฤฦกn hรng trรชn 500K', 'khuyen-mai-dac-biet-mien-phi-van-chuyen-cho-don-hang-tren-500k', '<p>Nhแบฑm tri รขn khรกch hรng thรขn thiแบฟt, Siรชu Thแป Vina triแปn khai chฦฐฦกng trรฌnh <strong>FreeShip toรn quแปc</strong> cho mแปi ฤฦกn hรng tแปซ 500,000ฤ trแป lรชn.</p>\n                <p>Thแปi gian รกp dแปฅng: <strong>01/11 - 30/11/2025</strong></p>\n                <p>รp dแปฅng cho tแบฅt cแบฃ sแบฃn phแบฉm thuแปc danh mแปฅc thแปฑc phแบฉm, mแปน phแบฉm vร hรng tiรชu dรนng.</p><p>Siรชu Thแป Vina - ฤแปi Tรกc Phรขn Phแปi Hรng ฤแบงu Cho Mแปi Nhร\n        Siรชu Thแป Vina tแปฑ hรo lร ฤแปi tรกc phรขn phแปi ฤรกng tin cแบญy, cung cแบฅp ฤa dแบกng cรกc mแบทt hรng thiแบฟt yแบฟu tแปซ Sแปฉc khแปe, Chฤm sรณc cรก nhรขn, ฤiแปn mรกy ฤแบฟn Thiแบฟt bแป y tแบฟ, Bรกch hรณa vร nhiแปu hฦกn nแปฏa. Chรบng tรดi cam kแบฟt mang ฤแบฟn nhแปฏng sแบฃn phแบฉm chแบฅt lฦฐแปฃng vแปi giรก cแบฃ cแบกnh tranh nhแบฅt.\n\n        Tแบกi Sao Nรชn Chแปn Siรชu Thแป Vina?\n        Vแปi phฦฐฦกng chรขm \"Khรกch hรng lร trแปng tรขm\", Siรชu Thแป Vina khรดng ngแปซng nแป lแปฑc hoรn thiแปn ฤแป trแป thรnh ngฦฐแปi bแบกn ฤแปng hรnh tin cแบญy cแปงa mแปi gia ฤรฌnh Viแปt.\n\n        Chแบฅt lฦฐแปฃng ฤแบฃm bแบฃo: Tแบฅt cแบฃ sแบฃn phแบฉm ฤแปu ฤฦฐแปฃc tuyแปn chแปn kแปน lฦฐแปกng, ฤแบฃm bแบฃo an toรn vร cรณ nguแปn gแปc xuแบฅt xแปฉ rรต rรng.\n\n        Giรก cแบฃ cแบกnh tranh: Chรญnh sรกch giรก hแปฃp lรฝ nhแป chuแปi cung แปฉng ฤฦฐแปฃc tแปi ฦฐu hรณa.\n\n        Dแปch vแปฅ chuyรชn nghiแปp: ฤแปi ngลฉ nhรขn viรชn tแบญn tรขm, sแบตn sรng tฦฐ vแบฅn vร hแป trแปฃ.\n\n        Khรกm Phรก Cรกc Danh Mแปฅc Sแบฃn Phแบฉm Tแบกi Siรชu Thแป Vina\n        Siรชu Thแป Vina sแป hแปฏu mแปt hแป sinh thรกi sแบฃn phแบฉm toรn diแปn, ฤรกp แปฉng mแปi nhu cแบงu tแปซ cฦก bแบฃn ฤแบฟn cao cแบฅp cแปงa khรกch hรng.\n\n        ๐ฅ Sแปฉc Khแปe & Thiแบฟt Bแป Y Tแบฟ\n        Danh mแปฅc nรy cung cแบฅp cรกc sแบฃn phแบฉm chฤm sรณc sแปฉc khแปe chแปง ฤแปng vร thiแบฟt yแบฟu cho gia ฤรฌnh bแบกn. Tแปซ thแปฑc phแบฉm chแปฉc nฤng, vitamin hแป trแปฃ nรขng cao sแปฉc ฤแป khรกng, ฤแบฟn cรกc thiแบฟt bแป y tแบฟ nhฦฐ mรกy ฤo huyแบฟt รกp, nhiแปt kแบฟ ฤiแปn tแปญ, mรกy ฤo ฤฦฐแปng huyแบฟt, giรบp bแบกn dแป dรng theo dรตi tรฌnh trแบกng sแปฉc khแปe tแบกi nhร. Chรบng tรดi hiแปu rแบฑng sแปฉc khแปe lร vแปn quรฝ nhแบฅt, vรฌ vแบญy mแปi sแบฃn phแบฉm ฤแปu ฤฦฐแปฃc lแปฑa chแปn kแปน cรng.\n\n        ๐ Lรm ฤแบนp & Chฤm Sรณc Cรก Nhรขn\n        ฤรขy lร thiรชn ฤฦฐแปng dรnh cho nhแปฏng ai yรชu thรญch lรm ฤแบนp. Danh mแปฅc Lรm ฤแบนp vร Chฤm sรณc cรก nhรขn tแบกi Siรชu Thแป Vina bao gแปm ฤแบงy ฤแปง cรกc sแบฃn phแบฉm tแปซ mแปน phแบฉm, dฦฐแปฃc phแบฉm lรm ฤแบนp ฤแบฟn dแปฅng cแปฅ chฤm sรณc da, body. Bรชn cแบกnh ฤรณ, bแบกn cลฉng cรณ thแป tรฌm thแบฅy nhแปฏng vแบญt dแปฅng thiแบฟt yแบฟu hรng ngรy nhฦฐ bรn chแบฃi ฤรกnh rฤng, sแปฏa tแบฏm, dแบงu gแปi,... giรบp bแบกn luรดn tฦฐฦกi trแบป vร tแปฑ tin trong cuแปc sแปng.\n\n        ๐ Nhร Cแปญa & ฤแปi Sแปng\n        Biแบฟn ngรดi nhร thรnh tแป แบฅm thแปฑc sแปฑ vแปi danh mแปฅc Nhร cแปญa - ฤแปi sแปng. Chรบng tรดi cung cแบฅp vรด vรn cรกc sแบฃn phแบฉm gia dแปฅng, ฤแป dรนng nhร bแบฟp, vแบญt dแปฅng trang trรญ vร dแปฅng cแปฅ cแบฃi tแบกo nhร cแปญa. Tแปซ nhแปฏng chiแบฟc bรกt ฤฤฉa xinh xแบฏn ฤแบฟn cรกc thiแบฟt bแป vแป sinh, tแบฅt cแบฃ ฤแปu ฤฦฐแปฃc thiแบฟt kแบฟ tiแปn nghi vร hiแปn ฤแบกi, mang ฤแบฟn sแปฑ tiแปn lแปฃi vร thoแบฃi mรกi cho khรดng gian sแปng cแปงa bแบกn.\n\n        ๐จโ๐ฉโ๐งโ๐ฆ Mแบน Vร Bรฉ\n        ฤแปng hรnh cรนng cรกc bแบญc cha mแบน trong hรnh trรฌnh chฤm sรณc thiรชn thแบงn nhแป, danh mแปฅc Mแบน vร bรฉ cแปงa Siรชu Thแป Vina lร nฦกi bแบกn cรณ thแป tรฌm thแบฅy mแปi thแปฉ tแปซ sแปฏa bแปt, tรฃ lรณt, ฤแป dรนng ฤn dแบทm ฤแบฟn xe ฤแบฉy, ฤแป chฦกi an toรn. Cรกc sแบฃn phแบฉm ฤแปu ฤฦฐแปฃc kiแปm ฤแปnh nghiรชm ngแบทt vแป ฤแป an toรn, ฤแบฃm bแบฃo cho sแปฑ phรกt triแปn toรn diแปn cแปงa bรฉ yรชu.\n\n        โก ฤiแปn Mรกy & Bรกch Hรณa\n        ฤรกp แปฉng nhu cแบงu thiแบฟt yแบฟu vร nรขng cao chแบฅt lฦฐแปฃng sแปng, danh mแปฅc ฤiแปn mรกy cung cแบฅp cรกc thiแบฟt bแป nhฦฐ quแบกt, nแปi cฦกm ฤiแปn, bรn แปงi... tiแบฟt kiแปm ฤiแปn nฤng. Trong khi ฤรณ, danh mแปฅc Bรกch hรณa lร nฦกi bแบกn cรณ thแป mua sแบฏm mแปi thแปฉ tแปซ thแปฑc phแบฉm khรด, ฤแป gia vแป ฤแบฟn vฤn phรฒng phแบฉm, ฤแป dรนng hแปc tแบญp mแปt cรกch nhanh chรณng vร tiแปn lแปฃi.\n\n        ๐ Thแปi Trang\n        Cแบญp nhแบญt nhแปฏng xu hฦฐแปng thแปi trang mแปi nhแบฅt vแปi danh mแปฅc Thแปi trang tแบกi Siรชu Thแป Vina. Chรบng tรดi mang ฤแบฟn cho bแบกn nhแปฏng bแป trang phแปฅc ฤa dแบกng tแปซ quแบงn รกo, giรy dรฉp ฤแบฟn phแปฅ kiแปn thแปi trang phรน hแปฃp cho mแปi lแปฉa tuแปi vร dแปp sแปญ dแปฅng, giรบp bแบกn luรดn nแปi bแบญt vร cรก tรญnh.\n\n        Trแบฃi Nghiแปm Mua Sแบฏm Khรกc Biแปt Tแบกi Siรชu Thแป Vina\n        Khi ฤแบฟn vแปi Siรชu Thแป Vina, bแบกn khรดng chแป ฤฦกn thuแบงn lร mua sแบฏm mร cรฒn lร trแบฃi nghiแปm mแปt dแปch vแปฅ toรn diแปn. Chรบng tรดi sแป hแปฏu hแป thแปng siรชu thแป rแปng khแบฏp vแปi khรดng gian mua sแบฏm thoรกng ฤรฃng, sแบกch sแบฝ. ฤแปi ngลฉ nhรขn viรชn tฦฐ vแบฅn ฤฦฐแปฃc ฤรo tแบกo bรi bแบฃn, luรดn sแบตn sรng lแบฏng nghe vร giแบฃi ฤรกp mแปi thแบฏc mแบฏc cแปงa bแบกn. Bรชn cแบกnh ฤรณ, chรญnh sรกch hแบญu mรฃi, bแบฃo hรnh vร ฤแปi trแบฃ rรต rรng, minh bแบกch sแบฝ mang ฤแบฟn cho bแบกn sแปฑ an tรขm tuyแปt ฤแปi.\n\n        Kแบฟt Luแบญn\n        Siรชu Thแป Vina khรดng ngแปซng phแบฅn ฤแบฅu ฤแป trแป thรnh ฤiแปm ฤแบฟn mua sแบฏm tin cแบญy, nฦกi mแปi khรกch hรng ฤแปu cรณ thแป tรฌm thแบฅy nhแปฏng sแบฃn phแบฉm chแบฅt lฦฐแปฃng vแปi mแปฉc giรก hแปฃp lรฝ nhแบฅt. Hรฃy ghรฉ thฤm Siรชu Thแป Vina ngay hรดm nay ฤแป khรกm phรก trแปn vแบนn thแบฟ giแปi sแบฃn phแบฉm ฤa dแบกng vร trแบฃi nghiแปm dแปch vแปฅ khรกc biแปt cแปงa chรบng tรดi!</p>', 300, 'freeship-500k.jpg', 'Hiแปn thแป'),
(7, 2, 'Top 5 sแบฃn phแบฉm chฤm sรณc sแปฉc khแปe bรกn chแบกy nhแบฅt tแบกi Siรชu Thแป Vina', 'top-5-san-pham-cham-soc-suc-khoe-ban-chay-nhat-tai-sieu-thi-vina', '<ol>\n                    <li>Midu MenaQ7 180mcg โ Hแป trแปฃ xฦฐฦกng khแปp chแบฏc khแปe.</li>\n                    <li>Keo ong Tracybee โ Tฤng ฤแป khรกng, khรกng khuแบฉn tแปฑ nhiรชn.</li>\n                    <li>Sรขm Ngแปc Linh Trฦฐแปng Sinh ฤแป โ Bแปi bแป sแปฉc khแปe toรn thรขn.</li>\n                    <li>Collagen Acai Labs โ Lรm ฤแบนp da tแปซ bรชn trong.</li>\n                    <li>Tinh dแบงu trรm ECO โ Giแปฏ แบฅm cฦก thแป vร thฦฐ giรฃn tinh thแบงn.</li>\n                </ol><p>Siรชu Thแป Vina - ฤแปi Tรกc Phรขn Phแปi Hรng ฤแบงu Cho Mแปi Nhร\n        Siรชu Thแป Vina tแปฑ hรo lร ฤแปi tรกc phรขn phแปi ฤรกng tin cแบญy, cung cแบฅp ฤa dแบกng cรกc mแบทt hรng thiแบฟt yแบฟu tแปซ Sแปฉc khแปe, Chฤm sรณc cรก nhรขn, ฤiแปn mรกy ฤแบฟn Thiแบฟt bแป y tแบฟ, Bรกch hรณa vร nhiแปu hฦกn nแปฏa. Chรบng tรดi cam kแบฟt mang ฤแบฟn nhแปฏng sแบฃn phแบฉm chแบฅt lฦฐแปฃng vแปi giรก cแบฃ cแบกnh tranh nhแบฅt.\n\n        Tแบกi Sao Nรชn Chแปn Siรชu Thแป Vina?\n        Vแปi phฦฐฦกng chรขm \"Khรกch hรng lร trแปng tรขm\", Siรชu Thแป Vina khรดng ngแปซng nแป lแปฑc hoรn thiแปn ฤแป trแป thรnh ngฦฐแปi bแบกn ฤแปng hรnh tin cแบญy cแปงa mแปi gia ฤรฌnh Viแปt.\n\n        Chแบฅt lฦฐแปฃng ฤแบฃm bแบฃo: Tแบฅt cแบฃ sแบฃn phแบฉm ฤแปu ฤฦฐแปฃc tuyแปn chแปn kแปน lฦฐแปกng, ฤแบฃm bแบฃo an toรn vร cรณ nguแปn gแปc xuแบฅt xแปฉ rรต rรng.\n\n        Giรก cแบฃ cแบกnh tranh: Chรญnh sรกch giรก hแปฃp lรฝ nhแป chuแปi cung แปฉng ฤฦฐแปฃc tแปi ฦฐu hรณa.\n\n        Dแปch vแปฅ chuyรชn nghiแปp: ฤแปi ngลฉ nhรขn viรชn tแบญn tรขm, sแบตn sรng tฦฐ vแบฅn vร hแป trแปฃ.\n\n        Khรกm Phรก Cรกc Danh Mแปฅc Sแบฃn Phแบฉm Tแบกi Siรชu Thแป Vina\n        Siรชu Thแป Vina sแป hแปฏu mแปt hแป sinh thรกi sแบฃn phแบฉm toรn diแปn, ฤรกp แปฉng mแปi nhu cแบงu tแปซ cฦก bแบฃn ฤแบฟn cao cแบฅp cแปงa khรกch hรng.\n\n        ๐ฅ Sแปฉc Khแปe & Thiแบฟt Bแป Y Tแบฟ\n        Danh mแปฅc nรy cung cแบฅp cรกc sแบฃn phแบฉm chฤm sรณc sแปฉc khแปe chแปง ฤแปng vร thiแบฟt yแบฟu cho gia ฤรฌnh bแบกn. Tแปซ thแปฑc phแบฉm chแปฉc nฤng, vitamin hแป trแปฃ nรขng cao sแปฉc ฤแป khรกng, ฤแบฟn cรกc thiแบฟt bแป y tแบฟ nhฦฐ mรกy ฤo huyแบฟt รกp, nhiแปt kแบฟ ฤiแปn tแปญ, mรกy ฤo ฤฦฐแปng huyแบฟt, giรบp bแบกn dแป dรng theo dรตi tรฌnh trแบกng sแปฉc khแปe tแบกi nhร. Chรบng tรดi hiแปu rแบฑng sแปฉc khแปe lร vแปn quรฝ nhแบฅt, vรฌ vแบญy mแปi sแบฃn phแบฉm ฤแปu ฤฦฐแปฃc lแปฑa chแปn kแปน cรng.\n\n        ๐ Lรm ฤแบนp & Chฤm Sรณc Cรก Nhรขn\n        ฤรขy lร thiรชn ฤฦฐแปng dรnh cho nhแปฏng ai yรชu thรญch lรm ฤแบนp. Danh mแปฅc Lรm ฤแบนp vร Chฤm sรณc cรก nhรขn tแบกi Siรชu Thแป Vina bao gแปm ฤแบงy ฤแปง cรกc sแบฃn phแบฉm tแปซ mแปน phแบฉm, dฦฐแปฃc phแบฉm lรm ฤแบนp ฤแบฟn dแปฅng cแปฅ chฤm sรณc da, body. Bรชn cแบกnh ฤรณ, bแบกn cลฉng cรณ thแป tรฌm thแบฅy nhแปฏng vแบญt dแปฅng thiแบฟt yแบฟu hรng ngรy nhฦฐ bรn chแบฃi ฤรกnh rฤng, sแปฏa tแบฏm, dแบงu gแปi,... giรบp bแบกn luรดn tฦฐฦกi trแบป vร tแปฑ tin trong cuแปc sแปng.\n\n        ๐ Nhร Cแปญa & ฤแปi Sแปng\n        Biแบฟn ngรดi nhร thรnh tแป แบฅm thแปฑc sแปฑ vแปi danh mแปฅc Nhร cแปญa - ฤแปi sแปng. Chรบng tรดi cung cแบฅp vรด vรn cรกc sแบฃn phแบฉm gia dแปฅng, ฤแป dรนng nhร bแบฟp, vแบญt dแปฅng trang trรญ vร dแปฅng cแปฅ cแบฃi tแบกo nhร cแปญa. Tแปซ nhแปฏng chiแบฟc bรกt ฤฤฉa xinh xแบฏn ฤแบฟn cรกc thiแบฟt bแป vแป sinh, tแบฅt cแบฃ ฤแปu ฤฦฐแปฃc thiแบฟt kแบฟ tiแปn nghi vร hiแปn ฤแบกi, mang ฤแบฟn sแปฑ tiแปn lแปฃi vร thoแบฃi mรกi cho khรดng gian sแปng cแปงa bแบกn.\n\n        ๐จโ๐ฉโ๐งโ๐ฆ Mแบน Vร Bรฉ\n        ฤแปng hรnh cรนng cรกc bแบญc cha mแบน trong hรnh trรฌnh chฤm sรณc thiรชn thแบงn nhแป, danh mแปฅc Mแบน vร bรฉ cแปงa Siรชu Thแป Vina lร nฦกi bแบกn cรณ thแป tรฌm thแบฅy mแปi thแปฉ tแปซ sแปฏa bแปt, tรฃ lรณt, ฤแป dรนng ฤn dแบทm ฤแบฟn xe ฤแบฉy, ฤแป chฦกi an toรn. Cรกc sแบฃn phแบฉm ฤแปu ฤฦฐแปฃc kiแปm ฤแปnh nghiรชm ngแบทt vแป ฤแป an toรn, ฤแบฃm bแบฃo cho sแปฑ phรกt triแปn toรn diแปn cแปงa bรฉ yรชu.\n\n        โก ฤiแปn Mรกy & Bรกch Hรณa\n        ฤรกp แปฉng nhu cแบงu thiแบฟt yแบฟu vร nรขng cao chแบฅt lฦฐแปฃng sแปng, danh mแปฅc ฤiแปn mรกy cung cแบฅp cรกc thiแบฟt bแป nhฦฐ quแบกt, nแปi cฦกm ฤiแปn, bรn แปงi... tiแบฟt kiแปm ฤiแปn nฤng. Trong khi ฤรณ, danh mแปฅc Bรกch hรณa lร nฦกi bแบกn cรณ thแป mua sแบฏm mแปi thแปฉ tแปซ thแปฑc phแบฉm khรด, ฤแป gia vแป ฤแบฟn vฤn phรฒng phแบฉm, ฤแป dรนng hแปc tแบญp mแปt cรกch nhanh chรณng vร tiแปn lแปฃi.\n\n        ๐ Thแปi Trang\n        Cแบญp nhแบญt nhแปฏng xu hฦฐแปng thแปi trang mแปi nhแบฅt vแปi danh mแปฅc Thแปi trang tแบกi Siรชu Thแป Vina. Chรบng tรดi mang ฤแบฟn cho bแบกn nhแปฏng bแป trang phแปฅc ฤa dแบกng tแปซ quแบงn รกo, giรy dรฉp ฤแบฟn phแปฅ kiแปn thแปi trang phรน hแปฃp cho mแปi lแปฉa tuแปi vร dแปp sแปญ dแปฅng, giรบp bแบกn luรดn nแปi bแบญt vร cรก tรญnh.\n\n        Trแบฃi Nghiแปm Mua Sแบฏm Khรกc Biแปt Tแบกi Siรชu Thแป Vina\n        Khi ฤแบฟn vแปi Siรชu Thแป Vina, bแบกn khรดng chแป ฤฦกn thuแบงn lร mua sแบฏm mร cรฒn lร trแบฃi nghiแปm mแปt dแปch vแปฅ toรn diแปn. Chรบng tรดi sแป hแปฏu hแป thแปng siรชu thแป rแปng khแบฏp vแปi khรดng gian mua sแบฏm thoรกng ฤรฃng, sแบกch sแบฝ. ฤแปi ngลฉ nhรขn viรชn tฦฐ vแบฅn ฤฦฐแปฃc ฤรo tแบกo bรi bแบฃn, luรดn sแบตn sรng lแบฏng nghe vร giแบฃi ฤรกp mแปi thแบฏc mแบฏc cแปงa bแบกn. Bรชn cแบกnh ฤรณ, chรญnh sรกch hแบญu mรฃi, bแบฃo hรnh vร ฤแปi trแบฃ rรต rรng, minh bแบกch sแบฝ mang ฤแบฟn cho bแบกn sแปฑ an tรขm tuyแปt ฤแปi.\n\n        Kแบฟt Luแบญn\n        Siรชu Thแป Vina khรดng ngแปซng phแบฅn ฤแบฅu ฤแป trแป thรnh ฤiแปm ฤแบฟn mua sแบฏm tin cแบญy, nฦกi mแปi khรกch hรng ฤแปu cรณ thแป tรฌm thแบฅy nhแปฏng sแบฃn phแบฉm chแบฅt lฦฐแปฃng vแปi mแปฉc giรก hแปฃp lรฝ nhแบฅt. Hรฃy ghรฉ thฤm Siรชu Thแป Vina ngay hรดm nay ฤแป khรกm phรก trแปn vแบนn thแบฟ giแปi sแบฃn phแบฉm ฤa dแบกng vร trแบฃi nghiแปm dแปch vแปฅ khรกc biแปt cแปงa chรบng tรดi!</p>', 200, 'top5-suc-khoe.jpg', 'Hiแปn thแป'),
(8, 2, 'Sแปฑ kiแปn โNgรy hแปi sแปฉc khแปe 2025โ โ Cรนng Siรชu Thแป Vina lan tแปa nฤng lฦฐแปฃng tรญch cแปฑc', 'su-kien-ngay-hoi-suc-khoe-2025-cung-sieu-thi-vina-lan-toa-nang-luong-tich-cuc', '<p>Tham gia โNgรy hแปi sแปฉc khแปe 2025โ do Siรชu Thแป Vina tแป chแปฉc tแบกi TP. Hแป Chรญ Minh vแปi nhiแปu hoแบกt ฤแปng bแป รญch:</p>\n                <ul>\n                    <li>Khรกm sแปฉc khแปe miแปn phรญ</li>\n                    <li>Workshop hฦฐแปng dแบซn chฤm sรณc da vร dinh dฦฐแปกng</li>\n                    <li>Giแบฃm giรก 30% cho tแบฅt cแบฃ sแบฃn phแบฉm trong ngรy</li>\n                </ul>\n                <p>Sแปฑ kiแปn diแปn ra ngรy <strong>10/12/2025</strong> tแบกi Vincom Quแบญn 9. ฤฤng kรฝ ngay ฤแป nhแบญn quร hแบฅp dแบซn!</p><p>Siรชu Thแป Vina - ฤแปi Tรกc Phรขn Phแปi Hรng ฤแบงu Cho Mแปi Nhร\n        Siรชu Thแป Vina tแปฑ hรo lร ฤแปi tรกc phรขn phแปi ฤรกng tin cแบญy, cung cแบฅp ฤa dแบกng cรกc mแบทt hรng thiแบฟt yแบฟu tแปซ Sแปฉc khแปe, Chฤm sรณc cรก nhรขn, ฤiแปn mรกy ฤแบฟn Thiแบฟt bแป y tแบฟ, Bรกch hรณa vร nhiแปu hฦกn nแปฏa. Chรบng tรดi cam kแบฟt mang ฤแบฟn nhแปฏng sแบฃn phแบฉm chแบฅt lฦฐแปฃng vแปi giรก cแบฃ cแบกnh tranh nhแบฅt.\n\n        Tแบกi Sao Nรชn Chแปn Siรชu Thแป Vina?\n        Vแปi phฦฐฦกng chรขm \"Khรกch hรng lร trแปng tรขm\", Siรชu Thแป Vina khรดng ngแปซng nแป lแปฑc hoรn thiแปn ฤแป trแป thรnh ngฦฐแปi bแบกn ฤแปng hรnh tin cแบญy cแปงa mแปi gia ฤรฌnh Viแปt.\n\n        Chแบฅt lฦฐแปฃng ฤแบฃm bแบฃo: Tแบฅt cแบฃ sแบฃn phแบฉm ฤแปu ฤฦฐแปฃc tuyแปn chแปn kแปน lฦฐแปกng, ฤแบฃm bแบฃo an toรn vร cรณ nguแปn gแปc xuแบฅt xแปฉ rรต rรng.\n\n        Giรก cแบฃ cแบกnh tranh: Chรญnh sรกch giรก hแปฃp lรฝ nhแป chuแปi cung แปฉng ฤฦฐแปฃc tแปi ฦฐu hรณa.\n\n        Dแปch vแปฅ chuyรชn nghiแปp: ฤแปi ngลฉ nhรขn viรชn tแบญn tรขm, sแบตn sรng tฦฐ vแบฅn vร hแป trแปฃ.\n\n        Khรกm Phรก Cรกc Danh Mแปฅc Sแบฃn Phแบฉm Tแบกi Siรชu Thแป Vina\n        Siรชu Thแป Vina sแป hแปฏu mแปt hแป sinh thรกi sแบฃn phแบฉm toรn diแปn, ฤรกp แปฉng mแปi nhu cแบงu tแปซ cฦก bแบฃn ฤแบฟn cao cแบฅp cแปงa khรกch hรng.\n\n        ๐ฅ Sแปฉc Khแปe & Thiแบฟt Bแป Y Tแบฟ\n        Danh mแปฅc nรy cung cแบฅp cรกc sแบฃn phแบฉm chฤm sรณc sแปฉc khแปe chแปง ฤแปng vร thiแบฟt yแบฟu cho gia ฤรฌnh bแบกn. Tแปซ thแปฑc phแบฉm chแปฉc nฤng, vitamin hแป trแปฃ nรขng cao sแปฉc ฤแป khรกng, ฤแบฟn cรกc thiแบฟt bแป y tแบฟ nhฦฐ mรกy ฤo huyแบฟt รกp, nhiแปt kแบฟ ฤiแปn tแปญ, mรกy ฤo ฤฦฐแปng huyแบฟt, giรบp bแบกn dแป dรng theo dรตi tรฌnh trแบกng sแปฉc khแปe tแบกi nhร. Chรบng tรดi hiแปu rแบฑng sแปฉc khแปe lร vแปn quรฝ nhแบฅt, vรฌ vแบญy mแปi sแบฃn phแบฉm ฤแปu ฤฦฐแปฃc lแปฑa chแปn kแปน cรng.\n\n        ๐ Lรm ฤแบนp & Chฤm Sรณc Cรก Nhรขn\n        ฤรขy lร thiรชn ฤฦฐแปng dรnh cho nhแปฏng ai yรชu thรญch lรm ฤแบนp. Danh mแปฅc Lรm ฤแบนp vร Chฤm sรณc cรก nhรขn tแบกi Siรชu Thแป Vina bao gแปm ฤแบงy ฤแปง cรกc sแบฃn phแบฉm tแปซ mแปน phแบฉm, dฦฐแปฃc phแบฉm lรm ฤแบนp ฤแบฟn dแปฅng cแปฅ chฤm sรณc da, body. Bรชn cแบกnh ฤรณ, bแบกn cลฉng cรณ thแป tรฌm thแบฅy nhแปฏng vแบญt dแปฅng thiแบฟt yแบฟu hรng ngรy nhฦฐ bรn chแบฃi ฤรกnh rฤng, sแปฏa tแบฏm, dแบงu gแปi,... giรบp bแบกn luรดn tฦฐฦกi trแบป vร tแปฑ tin trong cuแปc sแปng.\n\n        ๐ Nhร Cแปญa & ฤแปi Sแปng\n        Biแบฟn ngรดi nhร thรnh tแป แบฅm thแปฑc sแปฑ vแปi danh mแปฅc Nhร cแปญa - ฤแปi sแปng. Chรบng tรดi cung cแบฅp vรด vรn cรกc sแบฃn phแบฉm gia dแปฅng, ฤแป dรนng nhร bแบฟp, vแบญt dแปฅng trang trรญ vร dแปฅng cแปฅ cแบฃi tแบกo nhร cแปญa. Tแปซ nhแปฏng chiแบฟc bรกt ฤฤฉa xinh xแบฏn ฤแบฟn cรกc thiแบฟt bแป vแป sinh, tแบฅt cแบฃ ฤแปu ฤฦฐแปฃc thiแบฟt kแบฟ tiแปn nghi vร hiแปn ฤแบกi, mang ฤแบฟn sแปฑ tiแปn lแปฃi vร thoแบฃi mรกi cho khรดng gian sแปng cแปงa bแบกn.\n\n        ๐จโ๐ฉโ๐งโ๐ฆ Mแบน Vร Bรฉ\n        ฤแปng hรnh cรนng cรกc bแบญc cha mแบน trong hรnh trรฌnh chฤm sรณc thiรชn thแบงn nhแป, danh mแปฅc Mแบน vร bรฉ cแปงa Siรชu Thแป Vina lร nฦกi bแบกn cรณ thแป tรฌm thแบฅy mแปi thแปฉ tแปซ sแปฏa bแปt, tรฃ lรณt, ฤแป dรนng ฤn dแบทm ฤแบฟn xe ฤแบฉy, ฤแป chฦกi an toรn. Cรกc sแบฃn phแบฉm ฤแปu ฤฦฐแปฃc kiแปm ฤแปnh nghiรชm ngแบทt vแป ฤแป an toรn, ฤแบฃm bแบฃo cho sแปฑ phรกt triแปn toรn diแปn cแปงa bรฉ yรชu.\n\n        โก ฤiแปn Mรกy & Bรกch Hรณa\n        ฤรกp แปฉng nhu cแบงu thiแบฟt yแบฟu vร nรขng cao chแบฅt lฦฐแปฃng sแปng, danh mแปฅc ฤiแปn mรกy cung cแบฅp cรกc thiแบฟt bแป nhฦฐ quแบกt, nแปi cฦกm ฤiแปn, bรn แปงi... tiแบฟt kiแปm ฤiแปn nฤng. Trong khi ฤรณ, danh mแปฅc Bรกch hรณa lร nฦกi bแบกn cรณ thแป mua sแบฏm mแปi thแปฉ tแปซ thแปฑc phแบฉm khรด, ฤแป gia vแป ฤแบฟn vฤn phรฒng phแบฉm, ฤแป dรนng hแปc tแบญp mแปt cรกch nhanh chรณng vร tiแปn lแปฃi.\n\n        ๐ Thแปi Trang\n        Cแบญp nhแบญt nhแปฏng xu hฦฐแปng thแปi trang mแปi nhแบฅt vแปi danh mแปฅc Thแปi trang tแบกi Siรชu Thแป Vina. Chรบng tรดi mang ฤแบฟn cho bแบกn nhแปฏng bแป trang phแปฅc ฤa dแบกng tแปซ quแบงn รกo, giรy dรฉp ฤแบฟn phแปฅ kiแปn thแปi trang phรน hแปฃp cho mแปi lแปฉa tuแปi vร dแปp sแปญ dแปฅng, giรบp bแบกn luรดn nแปi bแบญt vร cรก tรญnh.\n\n        Trแบฃi Nghiแปm Mua Sแบฏm Khรกc Biแปt Tแบกi Siรชu Thแป Vina\n        Khi ฤแบฟn vแปi Siรชu Thแป Vina, bแบกn khรดng chแป ฤฦกn thuแบงn lร mua sแบฏm mร cรฒn lร trแบฃi nghiแปm mแปt dแปch vแปฅ toรn diแปn. Chรบng tรดi sแป hแปฏu hแป thแปng siรชu thแป rแปng khแบฏp vแปi khรดng gian mua sแบฏm thoรกng ฤรฃng, sแบกch sแบฝ. ฤแปi ngลฉ nhรขn viรชn tฦฐ vแบฅn ฤฦฐแปฃc ฤรo tแบกo bรi bแบฃn, luรดn sแบตn sรng lแบฏng nghe vร giแบฃi ฤรกp mแปi thแบฏc mแบฏc cแปงa bแบกn. Bรชn cแบกnh ฤรณ, chรญnh sรกch hแบญu mรฃi, bแบฃo hรnh vร ฤแปi trแบฃ rรต rรng, minh bแบกch sแบฝ mang ฤแบฟn cho bแบกn sแปฑ an tรขm tuyแปt ฤแปi.\n\n        Kแบฟt Luแบญn\n        Siรชu Thแป Vina khรดng ngแปซng phแบฅn ฤแบฅu ฤแป trแป thรnh ฤiแปm ฤแบฟn mua sแบฏm tin cแบญy, nฦกi mแปi khรกch hรng ฤแปu cรณ thแป tรฌm thแบฅy nhแปฏng sแบฃn phแบฉm chแบฅt lฦฐแปฃng vแปi mแปฉc giรก hแปฃp lรฝ nhแบฅt. Hรฃy ghรฉ thฤm Siรชu Thแป Vina ngay hรดm nay ฤแป khรกm phรก trแปn vแบนn thแบฟ giแปi sแบฃn phแบฉm ฤa dแบกng vร trแบฃi nghiแปm dแปch vแปฅ khรกc biแปt cแปงa chรบng tรดi!</p>', 60, 'ngay-hoi-suc-khoe.jpg', 'Hiแปn thแป'),
(9, 2, 'Tแปng hแปฃp quร Tแบฟt 2026 โ ร nghฤฉa vร sang trแปng cรนng Siรชu Thแป Vina', 'tong-hop-qua-tet-2026-y-nghia-va-sang-trong-cung-sieu-thi-vina', '<p>Chuแบฉn bแป Tแบฟt 2026, Siรชu Thแป Vina giแปi thiแปu bแป sฦฐu tแบญp <strong>Giแป quร Tแบฟt cao cแบฅp</strong> vแปi nhiแปu lแปฑa chแปn ฤa dแบกng:</p>\n                <ul>\n                    <li>Giแป quร Sแปฉc Khแปe โ Dรnh cho ngฦฐแปi thรขn yรชu.</li>\n                    <li>Giแป quร Doanh Nghiแปp โ Sang trแปng, tinh tแบฟ.</li>\n                    <li>Giแป quร Gia ฤรฌnh โ แบคm รกp vร tiแบฟt kiแปm.</li>\n                </ul><p>Siรชu Thแป Vina - ฤแปi Tรกc Phรขn Phแปi Hรng ฤแบงu Cho Mแปi Nhร\n        Siรชu Thแป Vina tแปฑ hรo lร ฤแปi tรกc phรขn phแปi ฤรกng tin cแบญy, cung cแบฅp ฤa dแบกng cรกc mแบทt hรng thiแบฟt yแบฟu tแปซ Sแปฉc khแปe, Chฤm sรณc cรก nhรขn, ฤiแปn mรกy ฤแบฟn Thiแบฟt bแป y tแบฟ, Bรกch hรณa vร nhiแปu hฦกn nแปฏa. Chรบng tรดi cam kแบฟt mang ฤแบฟn nhแปฏng sแบฃn phแบฉm chแบฅt lฦฐแปฃng vแปi giรก cแบฃ cแบกnh tranh nhแบฅt.\n\n        Tแบกi Sao Nรชn Chแปn Siรชu Thแป Vina?\n        Vแปi phฦฐฦกng chรขm \"Khรกch hรng lร trแปng tรขm\", Siรชu Thแป Vina khรดng ngแปซng nแป lแปฑc hoรn thiแปn ฤแป trแป thรnh ngฦฐแปi bแบกn ฤแปng hรnh tin cแบญy cแปงa mแปi gia ฤรฌnh Viแปt.\n\n        Chแบฅt lฦฐแปฃng ฤแบฃm bแบฃo: Tแบฅt cแบฃ sแบฃn phแบฉm ฤแปu ฤฦฐแปฃc tuyแปn chแปn kแปน lฦฐแปกng, ฤแบฃm bแบฃo an toรn vร cรณ nguแปn gแปc xuแบฅt xแปฉ rรต rรng.\n\n        Giรก cแบฃ cแบกnh tranh: Chรญnh sรกch giรก hแปฃp lรฝ nhแป chuแปi cung แปฉng ฤฦฐแปฃc tแปi ฦฐu hรณa.\n\n        Dแปch vแปฅ chuyรชn nghiแปp: ฤแปi ngลฉ nhรขn viรชn tแบญn tรขm, sแบตn sรng tฦฐ vแบฅn vร hแป trแปฃ.\n\n        Khรกm Phรก Cรกc Danh Mแปฅc Sแบฃn Phแบฉm Tแบกi Siรชu Thแป Vina\n        Siรชu Thแป Vina sแป hแปฏu mแปt hแป sinh thรกi sแบฃn phแบฉm toรn diแปn, ฤรกp แปฉng mแปi nhu cแบงu tแปซ cฦก bแบฃn ฤแบฟn cao cแบฅp cแปงa khรกch hรng.\n\n        ๐ฅ Sแปฉc Khแปe & Thiแบฟt Bแป Y Tแบฟ\n        Danh mแปฅc nรy cung cแบฅp cรกc sแบฃn phแบฉm chฤm sรณc sแปฉc khแปe chแปง ฤแปng vร thiแบฟt yแบฟu cho gia ฤรฌnh bแบกn. Tแปซ thแปฑc phแบฉm chแปฉc nฤng, vitamin hแป trแปฃ nรขng cao sแปฉc ฤแป khรกng, ฤแบฟn cรกc thiแบฟt bแป y tแบฟ nhฦฐ mรกy ฤo huyแบฟt รกp, nhiแปt kแบฟ ฤiแปn tแปญ, mรกy ฤo ฤฦฐแปng huyแบฟt, giรบp bแบกn dแป dรng theo dรตi tรฌnh trแบกng sแปฉc khแปe tแบกi nhร. Chรบng tรดi hiแปu rแบฑng sแปฉc khแปe lร vแปn quรฝ nhแบฅt, vรฌ vแบญy mแปi sแบฃn phแบฉm ฤแปu ฤฦฐแปฃc lแปฑa chแปn kแปน cรng.\n\n        ๐ Lรm ฤแบนp & Chฤm Sรณc Cรก Nhรขn\n        ฤรขy lร thiรชn ฤฦฐแปng dรnh cho nhแปฏng ai yรชu thรญch lรm ฤแบนp. Danh mแปฅc Lรm ฤแบนp vร Chฤm sรณc cรก nhรขn tแบกi Siรชu Thแป Vina bao gแปm ฤแบงy ฤแปง cรกc sแบฃn phแบฉm tแปซ mแปน phแบฉm, dฦฐแปฃc phแบฉm lรm ฤแบนp ฤแบฟn dแปฅng cแปฅ chฤm sรณc da, body. Bรชn cแบกnh ฤรณ, bแบกn cลฉng cรณ thแป tรฌm thแบฅy nhแปฏng vแบญt dแปฅng thiแบฟt yแบฟu hรng ngรy nhฦฐ bรn chแบฃi ฤรกnh rฤng, sแปฏa tแบฏm, dแบงu gแปi,... giรบp bแบกn luรดn tฦฐฦกi trแบป vร tแปฑ tin trong cuแปc sแปng.\n\n        ๐ Nhร Cแปญa & ฤแปi Sแปng\n        Biแบฟn ngรดi nhร thรnh tแป แบฅm thแปฑc sแปฑ vแปi danh mแปฅc Nhร cแปญa - ฤแปi sแปng. Chรบng tรดi cung cแบฅp vรด vรn cรกc sแบฃn phแบฉm gia dแปฅng, ฤแป dรนng nhร bแบฟp, vแบญt dแปฅng trang trรญ vร dแปฅng cแปฅ cแบฃi tแบกo nhร cแปญa. Tแปซ nhแปฏng chiแบฟc bรกt ฤฤฉa xinh xแบฏn ฤแบฟn cรกc thiแบฟt bแป vแป sinh, tแบฅt cแบฃ ฤแปu ฤฦฐแปฃc thiแบฟt kแบฟ tiแปn nghi vร hiแปn ฤแบกi, mang ฤแบฟn sแปฑ tiแปn lแปฃi vร thoแบฃi mรกi cho khรดng gian sแปng cแปงa bแบกn.\n\n        ๐จโ๐ฉโ๐งโ๐ฆ Mแบน Vร Bรฉ\n        ฤแปng hรnh cรนng cรกc bแบญc cha mแบน trong hรnh trรฌnh chฤm sรณc thiรชn thแบงn nhแป, danh mแปฅc Mแบน vร bรฉ cแปงa Siรชu Thแป Vina lร nฦกi bแบกn cรณ thแป tรฌm thแบฅy mแปi thแปฉ tแปซ sแปฏa bแปt, tรฃ lรณt, ฤแป dรนng ฤn dแบทm ฤแบฟn xe ฤแบฉy, ฤแป chฦกi an toรn. Cรกc sแบฃn phแบฉm ฤแปu ฤฦฐแปฃc kiแปm ฤแปnh nghiรชm ngแบทt vแป ฤแป an toรn, ฤแบฃm bแบฃo cho sแปฑ phรกt triแปn toรn diแปn cแปงa bรฉ yรชu.\n\n        โก ฤiแปn Mรกy & Bรกch Hรณa\n        ฤรกp แปฉng nhu cแบงu thiแบฟt yแบฟu vร nรขng cao chแบฅt lฦฐแปฃng sแปng, danh mแปฅc ฤiแปn mรกy cung cแบฅp cรกc thiแบฟt bแป nhฦฐ quแบกt, nแปi cฦกm ฤiแปn, bรn แปงi... tiแบฟt kiแปm ฤiแปn nฤng. Trong khi ฤรณ, danh mแปฅc Bรกch hรณa lร nฦกi bแบกn cรณ thแป mua sแบฏm mแปi thแปฉ tแปซ thแปฑc phแบฉm khรด, ฤแป gia vแป ฤแบฟn vฤn phรฒng phแบฉm, ฤแป dรนng hแปc tแบญp mแปt cรกch nhanh chรณng vร tiแปn lแปฃi.\n\n        ๐ Thแปi Trang\n        Cแบญp nhแบญt nhแปฏng xu hฦฐแปng thแปi trang mแปi nhแบฅt vแปi danh mแปฅc Thแปi trang tแบกi Siรชu Thแป Vina. Chรบng tรดi mang ฤแบฟn cho bแบกn nhแปฏng bแป trang phแปฅc ฤa dแบกng tแปซ quแบงn รกo, giรy dรฉp ฤแบฟn phแปฅ kiแปn thแปi trang phรน hแปฃp cho mแปi lแปฉa tuแปi vร dแปp sแปญ dแปฅng, giรบp bแบกn luรดn nแปi bแบญt vร cรก tรญnh.\n\n        Trแบฃi Nghiแปm Mua Sแบฏm Khรกc Biแปt Tแบกi Siรชu Thแป Vina\n        Khi ฤแบฟn vแปi Siรชu Thแป Vina, bแบกn khรดng chแป ฤฦกn thuแบงn lร mua sแบฏm mร cรฒn lร trแบฃi nghiแปm mแปt dแปch vแปฅ toรn diแปn. Chรบng tรดi sแป hแปฏu hแป thแปng siรชu thแป rแปng khแบฏp vแปi khรดng gian mua sแบฏm thoรกng ฤรฃng, sแบกch sแบฝ. ฤแปi ngลฉ nhรขn viรชn tฦฐ vแบฅn ฤฦฐแปฃc ฤรo tแบกo bรi bแบฃn, luรดn sแบตn sรng lแบฏng nghe vร giแบฃi ฤรกp mแปi thแบฏc mแบฏc cแปงa bแบกn. Bรชn cแบกnh ฤรณ, chรญnh sรกch hแบญu mรฃi, bแบฃo hรnh vร ฤแปi trแบฃ rรต rรng, minh bแบกch sแบฝ mang ฤแบฟn cho bแบกn sแปฑ an tรขm tuyแปt ฤแปi.\n\n        Kแบฟt Luแบญn\n        Siรชu Thแป Vina khรดng ngแปซng phแบฅn ฤแบฅu ฤแป trแป thรnh ฤiแปm ฤแบฟn mua sแบฏm tin cแบญy, nฦกi mแปi khรกch hรng ฤแปu cรณ thแป tรฌm thแบฅy nhแปฏng sแบฃn phแบฉm chแบฅt lฦฐแปฃng vแปi mแปฉc giรก hแปฃp lรฝ nhแบฅt. Hรฃy ghรฉ thฤm Siรชu Thแป Vina ngay hรดm nay ฤแป khรกm phรก trแปn vแบนn thแบฟ giแปi sแบฃn phแบฉm ฤa dแบกng vร trแบฃi nghiแปm dแปch vแปฅ khรกc biแปt cแปงa chรบng tรดi!</p>', 150, 'qua-tet-2026.jpg', 'Hiแปn thแป'),
(10, 2, 'Chฤm sรณc gia ฤรฌnh an toรn vแปi sแบฃn phแบฉm tแบฉy rแปญa sinh hแปc tแปซ thiรชn nhiรชn', 'cham-soc-gia-dinh-an-toan-voi-san-pham-tay-rua-sinh-hoc-tu-thien-nhien', '<p>Cรกc sแบฃn phแบฉm nhฦฐ <strong>Nฦฐแปc rแปญa chรฉn sแบฃ chanh Come On</strong> vร <strong>Nฦฐแปc rแปญa bรกt Bio Formula</strong> ฤang ฤฦฐแปฃc ฦฐa chuแปng nhแป chiแบฟt xuแบฅt tแปฑ nhiรชn, an toรn cho da tay vร mรดi trฦฐแปng.</p>\n                <p>Bแบกn hoรn toรn cรณ thแป yรชn tรขm sแปญ dแปฅng mแปi ngรy cho cแบฃ gia ฤรฌnh!</p><p>Siรชu Thแป Vina - ฤแปi Tรกc Phรขn Phแปi Hรng ฤแบงu Cho Mแปi Nhร\n        Siรชu Thแป Vina tแปฑ hรo lร ฤแปi tรกc phรขn phแปi ฤรกng tin cแบญy, cung cแบฅp ฤa dแบกng cรกc mแบทt hรng thiแบฟt yแบฟu tแปซ Sแปฉc khแปe, Chฤm sรณc cรก nhรขn, ฤiแปn mรกy ฤแบฟn Thiแบฟt bแป y tแบฟ, Bรกch hรณa vร nhiแปu hฦกn nแปฏa. Chรบng tรดi cam kแบฟt mang ฤแบฟn nhแปฏng sแบฃn phแบฉm chแบฅt lฦฐแปฃng vแปi giรก cแบฃ cแบกnh tranh nhแบฅt.\n\n        Tแบกi Sao Nรชn Chแปn Siรชu Thแป Vina?\n        Vแปi phฦฐฦกng chรขm \"Khรกch hรng lร trแปng tรขm\", Siรชu Thแป Vina khรดng ngแปซng nแป lแปฑc hoรn thiแปn ฤแป trแป thรnh ngฦฐแปi bแบกn ฤแปng hรnh tin cแบญy cแปงa mแปi gia ฤรฌnh Viแปt.\n\n        Chแบฅt lฦฐแปฃng ฤแบฃm bแบฃo: Tแบฅt cแบฃ sแบฃn phแบฉm ฤแปu ฤฦฐแปฃc tuyแปn chแปn kแปน lฦฐแปกng, ฤแบฃm bแบฃo an toรn vร cรณ nguแปn gแปc xuแบฅt xแปฉ rรต rรng.\n\n        Giรก cแบฃ cแบกnh tranh: Chรญnh sรกch giรก hแปฃp lรฝ nhแป chuแปi cung แปฉng ฤฦฐแปฃc tแปi ฦฐu hรณa.\n\n        Dแปch vแปฅ chuyรชn nghiแปp: ฤแปi ngลฉ nhรขn viรชn tแบญn tรขm, sแบตn sรng tฦฐ vแบฅn vร hแป trแปฃ.\n\n        Khรกm Phรก Cรกc Danh Mแปฅc Sแบฃn Phแบฉm Tแบกi Siรชu Thแป Vina\n        Siรชu Thแป Vina sแป hแปฏu mแปt hแป sinh thรกi sแบฃn phแบฉm toรn diแปn, ฤรกp แปฉng mแปi nhu cแบงu tแปซ cฦก bแบฃn ฤแบฟn cao cแบฅp cแปงa khรกch hรng.\n\n        ๐ฅ Sแปฉc Khแปe & Thiแบฟt Bแป Y Tแบฟ\n        Danh mแปฅc nรy cung cแบฅp cรกc sแบฃn phแบฉm chฤm sรณc sแปฉc khแปe chแปง ฤแปng vร thiแบฟt yแบฟu cho gia ฤรฌnh bแบกn. Tแปซ thแปฑc phแบฉm chแปฉc nฤng, vitamin hแป trแปฃ nรขng cao sแปฉc ฤแป khรกng, ฤแบฟn cรกc thiแบฟt bแป y tแบฟ nhฦฐ mรกy ฤo huyแบฟt รกp, nhiแปt kแบฟ ฤiแปn tแปญ, mรกy ฤo ฤฦฐแปng huyแบฟt, giรบp bแบกn dแป dรng theo dรตi tรฌnh trแบกng sแปฉc khแปe tแบกi nhร. Chรบng tรดi hiแปu rแบฑng sแปฉc khแปe lร vแปn quรฝ nhแบฅt, vรฌ vแบญy mแปi sแบฃn phแบฉm ฤแปu ฤฦฐแปฃc lแปฑa chแปn kแปน cรng.\n\n        ๐ Lรm ฤแบนp & Chฤm Sรณc Cรก Nhรขn\n        ฤรขy lร thiรชn ฤฦฐแปng dรnh cho nhแปฏng ai yรชu thรญch lรm ฤแบนp. Danh mแปฅc Lรm ฤแบนp vร Chฤm sรณc cรก nhรขn tแบกi Siรชu Thแป Vina bao gแปm ฤแบงy ฤแปง cรกc sแบฃn phแบฉm tแปซ mแปน phแบฉm, dฦฐแปฃc phแบฉm lรm ฤแบนp ฤแบฟn dแปฅng cแปฅ chฤm sรณc da, body. Bรชn cแบกnh ฤรณ, bแบกn cลฉng cรณ thแป tรฌm thแบฅy nhแปฏng vแบญt dแปฅng thiแบฟt yแบฟu hรng ngรy nhฦฐ bรn chแบฃi ฤรกnh rฤng, sแปฏa tแบฏm, dแบงu gแปi,... giรบp bแบกn luรดn tฦฐฦกi trแบป vร tแปฑ tin trong cuแปc sแปng.\n\n        ๐ Nhร Cแปญa & ฤแปi Sแปng\n        Biแบฟn ngรดi nhร thรnh tแป แบฅm thแปฑc sแปฑ vแปi danh mแปฅc Nhร cแปญa - ฤแปi sแปng. Chรบng tรดi cung cแบฅp vรด vรn cรกc sแบฃn phแบฉm gia dแปฅng, ฤแป dรนng nhร bแบฟp, vแบญt dแปฅng trang trรญ vร dแปฅng cแปฅ cแบฃi tแบกo nhร cแปญa. Tแปซ nhแปฏng chiแบฟc bรกt ฤฤฉa xinh xแบฏn ฤแบฟn cรกc thiแบฟt bแป vแป sinh, tแบฅt cแบฃ ฤแปu ฤฦฐแปฃc thiแบฟt kแบฟ tiแปn nghi vร hiแปn ฤแบกi, mang ฤแบฟn sแปฑ tiแปn lแปฃi vร thoแบฃi mรกi cho khรดng gian sแปng cแปงa bแบกn.\n\n        ๐จโ๐ฉโ๐งโ๐ฆ Mแบน Vร Bรฉ\n        ฤแปng hรnh cรนng cรกc bแบญc cha mแบน trong hรnh trรฌnh chฤm sรณc thiรชn thแบงn nhแป, danh mแปฅc Mแบน vร bรฉ cแปงa Siรชu Thแป Vina lร nฦกi bแบกn cรณ thแป tรฌm thแบฅy mแปi thแปฉ tแปซ sแปฏa bแปt, tรฃ lรณt, ฤแป dรนng ฤn dแบทm ฤแบฟn xe ฤแบฉy, ฤแป chฦกi an toรn. Cรกc sแบฃn phแบฉm ฤแปu ฤฦฐแปฃc kiแปm ฤแปnh nghiรชm ngแบทt vแป ฤแป an toรn, ฤแบฃm bแบฃo cho sแปฑ phรกt triแปn toรn diแปn cแปงa bรฉ yรชu.\n\n        โก ฤiแปn Mรกy & Bรกch Hรณa\n        ฤรกp แปฉng nhu cแบงu thiแบฟt yแบฟu vร nรขng cao chแบฅt lฦฐแปฃng sแปng, danh mแปฅc ฤiแปn mรกy cung cแบฅp cรกc thiแบฟt bแป nhฦฐ quแบกt, nแปi cฦกm ฤiแปn, bรn แปงi... tiแบฟt kiแปm ฤiแปn nฤng. Trong khi ฤรณ, danh mแปฅc Bรกch hรณa lร nฦกi bแบกn cรณ thแป mua sแบฏm mแปi thแปฉ tแปซ thแปฑc phแบฉm khรด, ฤแป gia vแป ฤแบฟn vฤn phรฒng phแบฉm, ฤแป dรนng hแปc tแบญp mแปt cรกch nhanh chรณng vร tiแปn lแปฃi.\n\n        ๐ Thแปi Trang\n        Cแบญp nhแบญt nhแปฏng xu hฦฐแปng thแปi trang mแปi nhแบฅt vแปi danh mแปฅc Thแปi trang tแบกi Siรชu Thแป Vina. Chรบng tรดi mang ฤแบฟn cho bแบกn nhแปฏng bแป trang phแปฅc ฤa dแบกng tแปซ quแบงn รกo, giรy dรฉp ฤแบฟn phแปฅ kiแปn thแปi trang phรน hแปฃp cho mแปi lแปฉa tuแปi vร dแปp sแปญ dแปฅng, giรบp bแบกn luรดn nแปi bแบญt vร cรก tรญnh.\n\n        Trแบฃi Nghiแปm Mua Sแบฏm Khรกc Biแปt Tแบกi Siรชu Thแป Vina\n        Khi ฤแบฟn vแปi Siรชu Thแป Vina, bแบกn khรดng chแป ฤฦกn thuแบงn lร mua sแบฏm mร cรฒn lร trแบฃi nghiแปm mแปt dแปch vแปฅ toรn diแปn. Chรบng tรดi sแป hแปฏu hแป thแปng siรชu thแป rแปng khแบฏp vแปi khรดng gian mua sแบฏm thoรกng ฤรฃng, sแบกch sแบฝ. ฤแปi ngลฉ nhรขn viรชn tฦฐ vแบฅn ฤฦฐแปฃc ฤรo tแบกo bรi bแบฃn, luรดn sแบตn sรng lแบฏng nghe vร giแบฃi ฤรกp mแปi thแบฏc mแบฏc cแปงa bแบกn. Bรชn cแบกnh ฤรณ, chรญnh sรกch hแบญu mรฃi, bแบฃo hรnh vร ฤแปi trแบฃ rรต rรng, minh bแบกch sแบฝ mang ฤแบฟn cho bแบกn sแปฑ an tรขm tuyแปt ฤแปi.\n\n        Kแบฟt Luแบญn\n        Siรชu Thแป Vina khรดng ngแปซng phแบฅn ฤแบฅu ฤแป trแป thรnh ฤiแปm ฤแบฟn mua sแบฏm tin cแบญy, nฦกi mแปi khรกch hรng ฤแปu cรณ thแป tรฌm thแบฅy nhแปฏng sแบฃn phแบฉm chแบฅt lฦฐแปฃng vแปi mแปฉc giรก hแปฃp lรฝ nhแบฅt. Hรฃy ghรฉ thฤm Siรชu Thแป Vina ngay hรดm nay ฤแป khรกm phรก trแปn vแบนn thแบฟ giแปi sแบฃn phแบฉm ฤa dแบกng vร trแบฃi nghiแปm dแปch vแปฅ khรกc biแปt cแปงa chรบng tรดi!</p>', 110, 'tay-rua-sinh-hoc.jpg', 'Hiแปn thแป');

-- --------------------------------------------------------

--
-- Cแบฅu trรบc bแบฃng cho bแบฃng `bienthe`
--

CREATE TABLE `bienthe` (
  `id` int(11) NOT NULL,
  `id_loaibienthe` int(11) NOT NULL,
  `id_sanpham` int(11) NOT NULL,
  `giagoc` int(11) NOT NULL,
  `soluong` int(11) NOT NULL DEFAULT 0,
  `luottang` int(11) NOT NULL DEFAULT 0,
  `luotban` int(11) NOT NULL DEFAULT 0,
  `trangthai` enum('Cรฒn hรng','Hแบฟt hรng','Sแบฏp hแบฟt hรng') DEFAULT 'Cรฒn hรng',
  `deleted_at` timestamp NULL DEFAULT NULL
) ENGINE=InnoDB DEFAULT CHARSET=utf8mb4 COLLATE=utf8mb4_unicode_ci;

--
-- ฤang ฤแป dแปฏ liแปu cho bแบฃng `bienthe`
--

INSERT INTO `bienthe` (`id`, `id_loaibienthe`, `id_sanpham`, `giagoc`, `soluong`, `luottang`, `luotban`, `trangthai`, `deleted_at`) VALUES
(1, 1, 1, 270000, 10, 0, 0, 'Cรฒn hรng', NULL),
(2, 2, 2, 385000, 10, 0, 0, 'Cรฒn hรng', NULL),
(3, 1, 3, 466560, 10, 0, 23, 'Cรฒn hรng', NULL),
(4, 1, 4, 260000, 10, 0, 0, 'Cรฒn hรng', NULL),
(5, 2, 5, 512000, 10, 0, 0, 'Cรฒn hรng', NULL),
(6, 1, 6, 270000, 2, 0, 0, 'Sแบฏp hแบฟt hรng', NULL),
(7, 2, 9, 360000, 253, 0, 28, 'Cรฒn hรng', NULL),
(8, 1, 9, 260000, 5, 0, 2, 'Sแบฏp hแบฟt hรng', NULL),
(9, 1, 10, 795000, 200, 0, 10, 'Cรฒn hรng', NULL),
(10, 2, 11, 950000, 27, 0, 124, 'Cรฒn hรng', NULL),
(11, 1, 11, 500000, 5, 0, 10, 'Sแบฏp hแบฟt hรng', NULL),
(12, 1, 12, 330000, 63, 0, 12, 'Cรฒn hรng', NULL),
(13, 2, 12, 330000, 92, 0, 72, 'Cรฒn hรng', NULL),
(14, 3, 12, 512000, 12, 0, 0, 'Cรฒn hรng', NULL),
(15, 4, 13, 90000, 240, 7, 142, 'Cรฒn hรng', NULL),
(16, 2, 14, 369000, 75, 20, 472, 'Cรฒn hรng', NULL),
(17, 5, 15, 282000, 25, 0, 782, 'Cรฒn hรng', NULL),
(18, 6, 15, 282000, 23, 0, 0, 'Cรฒn hรng', NULL),
(19, 3, 16, 249000, 2, 0, 187, 'Sแบฏp hแบฟt hรng', NULL),
(20, 3, 17, 220800, 12, 0, 17, 'Cรฒn hรng', NULL),
(21, 8, 18, 69000, 76, 8, 76, 'Cรฒn hรng', NULL),
(22, 3, 19, 160000, 1214, 0, 67, 'Cรฒn hรng', NULL),
(23, 9, 20, 490000, 107, 0, 193, 'Cรฒn hรng', NULL),
(24, 9, 21, 799000, 123, 1, 3, 'Cรฒn hรng', NULL),
(25, 1, 22, 42000, 7, 0, 3, 'Sแบฏp hแบฟt hรng', NULL),
(26, 9, 23, 290000, 100, 0, 74, 'Cรฒn hรng', NULL),
(27, 8, 22, 89000, 123, 0, 3, 'Cรฒn hรng', NULL),
(28, 10, 24, 699000, 20, 0, 0, 'Cรฒn hรng', NULL),
(29, 11, 25, 690000, 24, 0, 20, 'Cรฒn hรng', NULL),
(30, 7, 26, 560000, 123, 0, 0, 'Cรฒn hรng', NULL),
(31, 9, 27, 89000, 12, 0, 0, 'Cรฒn hรng', NULL),
(32, 8, 26, 799000, 87, 25, 123, 'Cรฒn hรng', NULL);

-- --------------------------------------------------------

--
-- Cแบฅu trรบc bแบฃng cho bแบฃng `chitiet_donhang`
--

CREATE TABLE `chitiet_donhang` (
  `id` int(11) NOT NULL,
  `id_bienthe` int(11) NOT NULL,
  `id_donhang` int(11) NOT NULL,
  `soluong` int(11) NOT NULL,
  `dongia` int(11) NOT NULL,
  `trangthai` enum('ฤรฃ ฤแบทt','ฤรฃ hแปงy') NOT NULL DEFAULT 'ฤรฃ ฤแบทt',
  `deleted_at` timestamp NULL DEFAULT NULL
) ENGINE=InnoDB DEFAULT CHARSET=utf8mb4 COLLATE=utf8mb4_unicode_ci;

--
-- ฤang ฤแป dแปฏ liแปu cho bแบฃng `chitiet_donhang`
--

INSERT INTO `chitiet_donhang` (`id`, `id_bienthe`, `id_donhang`, `soluong`, `dongia`, `trangthai`, `deleted_at`) VALUES
(1, 8, 41, 2, 406585, 'ฤรฃ ฤแบทt', NULL),
(2, 11, 42, 3, 321583, 'ฤรฃ ฤแบทt', NULL),
(3, 26, 43, 1, 234779, 'ฤรฃ ฤแบทt', NULL),
(4, 15, 44, 3, 134921, 'ฤรฃ ฤแบทt', NULL),
(5, 13, 45, 2, 139181, 'ฤรฃ ฤแบทt', NULL),
(6, 19, 46, 5, 498606, 'ฤรฃ ฤแบทt', NULL),
(7, 21, 47, 4, 408866, 'ฤรฃ ฤแบทt', NULL),
(8, 5, 48, 5, 450715, 'ฤรฃ ฤแบทt', NULL),
(9, 9, 49, 1, 229071, 'ฤรฃ ฤแบทt', NULL),
(10, 27, 50, 1, 390329, 'ฤรฃ ฤแบทt', NULL);

-- --------------------------------------------------------

--
-- Cแบฅu trรบc bแบฃng cho bแบฃng `chuongtrinh`
--

CREATE TABLE `chuongtrinh` (
  `id` int(11) NOT NULL,
  `tieude` text NOT NULL,
  `slug` text NOT NULL,
  `hinhanh` varchar(255) NOT NULL,
  `noidung` longtext NOT NULL,
  `trangthai` enum('Hiแปn thแป','Tแบกm แบฉn') NOT NULL
) ENGINE=InnoDB DEFAULT CHARSET=utf8mb4 COLLATE=utf8mb4_unicode_ci;

--
-- ฤang ฤแป dแปฏ liแปu cho bแบฃng `chuongtrinh`
--

INSERT INTO `chuongtrinh` (`id`, `tieude`, `slug`, `hinhanh`, `noidung`, `trangthai`) VALUES
(1, 'Sinh Nhแบญt 13/10', 'sinh-nhat-13-10', 'sinhnhat13102025.png', 'khรดng cรณ', 'Hiแปn thแป'),
(12, 'Chฦฐฦกng Trรฌnh Khuyแบฟn Mรฃi ฤแบทc Biแปt Thรกng 2', 'chuong-trinh-khuyen-mai-dac-biet-thang-2', 'chuongtrinh_sukien_1.png', 'ฤรขy lร nแปi dung chi tiแบฟt cho bรi viแบฟt mแบซu. Nแปi dung nรy ฤฦฐแปฃc tแบกo ra ฤแป mรด phแปng mแปt bรi viแบฟt ฤแบงy ฤแปง trong bแบฃng \'chuongtrinh\' cแปงa hแป thแปng.\n\nNgรy cรดng bแป: 29/10/2025', 'Hiแปn thแป'),
(13, 'Chฦฐฦกng Trรฌnh Khuyแบฟn Mรฃi ฤแบทc Biแปt Thรกng 3', 'chuong-trinh-khuyen-mai-dac-biet-thang-3', 'chuongtrinh_sukien_2.png', 'ฤรขy lร nแปi dung chi tiแบฟt cho bรi viแบฟt mแบซu. Nแปi dung nรy ฤฦฐแปฃc tแบกo ra ฤแป mรด phแปng mแปt bรi viแบฟt ฤแบงy ฤแปง trong bแบฃng \'chuongtrinh\' cแปงa hแป thแปng.\n\nNgรy cรดng bแป: 22/10/2025', 'Hiแปn thแป'),
(14, 'Chฦฐฦกng Trรฌnh Khuyแบฟn Mรฃi ฤแบทc Biแปt Thรกng 4', 'chuong-trinh-khuyen-mai-dac-biet-thang-4', 'chuongtrinh_sukien_3.png', 'ฤรขy lร nแปi dung chi tiแบฟt cho bรi viแบฟt mแบซu. Nแปi dung nรy ฤฦฐแปฃc tแบกo ra ฤแป mรด phแปng mแปt bรi viแบฟt ฤแบงy ฤแปง trong bแบฃng \'chuongtrinh\' cแปงa hแป thแปng.\n\nNgรy cรดng bแป: 09/10/2025', 'Hiแปn thแป'),
(15, 'Chฦฐฦกng Trรฌnh Khuyแบฟn Mรฃi ฤแบทc Biแปt Thรกng 5', 'chuong-trinh-khuyen-mai-dac-biet-thang-5', 'chuongtrinh_sukien_4.png', 'ฤรขy lร nแปi dung chi tiแบฟt cho bรi viแบฟt mแบซu. Nแปi dung nรy ฤฦฐแปฃc tแบกo ra ฤแป mรด phแปng mแปt bรi viแบฟt ฤแบงy ฤแปง trong bแบฃng \'chuongtrinh\' cแปงa hแป thแปng.\n\nNgรy cรดng bแป: 09/10/2025', 'Hiแปn thแป'),
(16, 'Chฦฐฦกng Trรฌnh Khuyแบฟn Mรฃi ฤแบทc Biแปt Thรกng 6', 'chuong-trinh-khuyen-mai-dac-biet-thang-6', 'chuongtrinh_sukien_5.png', 'ฤรขy lร nแปi dung chi tiแบฟt cho bรi viแบฟt mแบซu. Nแปi dung nรy ฤฦฐแปฃc tแบกo ra ฤแป mรด phแปng mแปt bรi viแบฟt ฤแบงy ฤแปง trong bแบฃng \'chuongtrinh\' cแปงa hแป thแปng.\n\nNgรy cรดng bแป: 10/10/2025', 'Hiแปn thแป'),
(17, 'Chฦฐฦกng Trรฌnh Khuyแบฟn Mรฃi ฤแบทc Biแปt Thรกng 7', 'chuong-trinh-khuyen-mai-dac-biet-thang-7', 'chuongtrinh_sukien_6.png', 'ฤรขy lร nแปi dung chi tiแบฟt cho bรi viแบฟt mแบซu. Nแปi dung nรy ฤฦฐแปฃc tแบกo ra ฤแป mรด phแปng mแปt bรi viแบฟt ฤแบงy ฤแปง trong bแบฃng \'chuongtrinh\' cแปงa hแป thแปng.\n\nNgรy cรดng bแป: 30/09/2025', 'Hiแปn thแป'),
(18, 'Chฦฐฦกng Trรฌnh Khuyแบฟn Mรฃi ฤแบทc Biแปt Thรกng 8', 'chuong-trinh-khuyen-mai-dac-biet-thang-8', 'chuongtrinh_sukien_7.png', 'ฤรขy lร nแปi dung chi tiแบฟt cho bรi viแบฟt mแบซu. Nแปi dung nรy ฤฦฐแปฃc tแบกo ra ฤแป mรด phแปng mแปt bรi viแบฟt ฤแบงy ฤแปง trong bแบฃng \'chuongtrinh\' cแปงa hแป thแปng.\n\nNgรy cรดng bแป: 11/10/2025', 'Hiแปn thแป'),
(19, 'Chฦฐฦกng Trรฌnh Khuyแบฟn Mรฃi ฤแบทc Biแปt Thรกng 9', 'chuong-trinh-khuyen-mai-dac-biet-thang-9', 'chuongtrinh_sukien_8.png', 'ฤรขy lร nแปi dung chi tiแบฟt cho bรi viแบฟt mแบซu. Nแปi dung nรy ฤฦฐแปฃc tแบกo ra ฤแป mรด phแปng mแปt bรi viแบฟt ฤแบงy ฤแปง trong bแบฃng \'chuongtrinh\' cแปงa hแป thแปng.\n\nNgรy cรดng bแป: 20/10/2025', 'Hiแปn thแป'),
(20, 'Chฦฐฦกng Trรฌnh Khuyแบฟn Mรฃi ฤแบทc Biแปt Thรกng 10', 'chuong-trinh-khuyen-mai-dac-biet-thang-10', 'chuongtrinh_sukien_9.png', 'ฤรขy lร nแปi dung chi tiแบฟt cho bรi viแบฟt mแบซu. Nแปi dung nรy ฤฦฐแปฃc tแบกo ra ฤแป mรด phแปng mแปt bรi viแบฟt ฤแบงy ฤแปง trong bแบฃng \'chuongtrinh\' cแปงa hแป thแปng.\n\nNgรy cรดng bแป: 28/10/2025', 'Tแบกm แบฉn'),
(21, 'Chฦฐฦกng Trรฌnh Khuyแบฟn Mรฃi ฤแบทc Biแปt Thรกng 11', 'chuong-trinh-khuyen-mai-dac-biet-thang-11', 'chuongtrinh_sukien_10.png', 'ฤรขy lร nแปi dung chi tiแบฟt cho bรi viแบฟt mแบซu. Nแปi dung nรy ฤฦฐแปฃc tแบกo ra ฤแป mรด phแปng mแปt bรi viแบฟt ฤแบงy ฤแปง trong bแบฃng \'chuongtrinh\' cแปงa hแป thแปng.\n\nNgรy cรดng bแป: 16/10/2025', 'Tแบกm แบฉn');

-- --------------------------------------------------------

--
-- Cแบฅu trรบc bแบฃng cho bแบฃng `danhgia`
--

CREATE TABLE `danhgia` (
  `id` int(11) NOT NULL,
  `id_nguoidung` int(11) NOT NULL,
  `id_sanpham` int(11) NOT NULL,
  `id_chitietdonhang` int(11) NOT NULL,
  `diem` int(11) NOT NULL,
  `noidung` text DEFAULT NULL,
  `trangthai` enum('Hiแปn thแป','Tแบกm แบฉn') NOT NULL DEFAULT 'Hiแปn thแป'
) ENGINE=InnoDB DEFAULT CHARSET=utf8mb4 COLLATE=utf8mb4_unicode_ci;

--
-- ฤang ฤแป dแปฏ liแปu cho bแบฃng `danhgia`
--

INSERT INTO `danhgia` (`id`, `id_nguoidung`, `id_sanpham`, `id_chitietdonhang`, `diem`, `noidung`, `trangthai`) VALUES
(15, 2, 9, 1, 3, 'Sแบฃn phแบฉm rแบฅt tแปt, mรฌnh rแบฅt hรi lรฒng vแปi chแบฅt lฦฐแปฃng vร dแปch vแปฅ.', 'Hiแปn thแป'),
(16, 10, 23, 3, 3, 'Sแบฃn phแบฉm sแปญ dแปฅng rแบฅt tiแปn lแปฃi vร hiแปu quแบฃ, mรฌnh rแบฅt thรญch.', 'Hiแปn thแป'),
(17, 5, 13, 4, 5, 'Sแบฃn phแบฉm ฤรบng nhฦฐ mรด tแบฃ, khรดng cรณ gรฌ ฤแป chรช cแบฃ.', 'Hiแปn thแป'),
(18, 6, 16, 6, 4, 'Sแบฃn phแบฉm rแบฅt tแปt, mรฌnh rแบฅt hรi lรฒng vแปi chแบฅt lฦฐแปฃng vร dแปch vแปฅ.', 'Hiแปn thแป'),
(19, 4, 18, 7, 5, 'Sแบฃn phแบฉm cรณ thiแบฟt kแบฟ ฤแบนp mแบฏt, sแปญ dแปฅng rแบฅt thรญch.', 'Hiแปn thแป'),
(20, 1, 5, 8, 3, 'Dแปch vแปฅ khรกch hรng rแบฅt tแบญn tรฌnh vร chu ฤรกo, cแบฃm ฦกn shop nhiแปu!', 'Hiแปn thแป'),
(21, 6, 22, 10, 3, 'Sแบฃn phแบฉm rแบฅt tแปt, mรฌnh rแบฅt hรi lรฒng vแปi chแบฅt lฦฐแปฃng vร dแปch vแปฅ.', 'Hiแปn thแป');

-- --------------------------------------------------------

--
-- Cแบฅu trรบc bแบฃng cho bแบฃng `danhmuc`
--

CREATE TABLE `danhmuc` (
  `id` int(11) NOT NULL,
  `ten` varchar(255) NOT NULL,
  `slug` text NOT NULL,
  `logo` varchar(255) NOT NULL DEFAULT 'danhmuc.jpg',
  `parent` enum('Cha','Con') NOT NULL DEFAULT 'Cha',
  `trangthai` enum('Hiแปn thแป','Tแบกm แบฉn') NOT NULL DEFAULT 'Hiแปn thแป'
) ENGINE=InnoDB DEFAULT CHARSET=utf8mb4 COLLATE=utf8mb4_unicode_ci;

--
-- ฤang ฤแป dแปฏ liแปu cho bแบฃng `danhmuc`
--

INSERT INTO `danhmuc` (`id`, `ten`, `slug`, `logo`, `parent`, `trangthai`) VALUES
(1, 'Sแปฉc khแปe', 'suc-khoe', 'suc-khoe.svg', 'Cha', 'Hiแปn thแป'),
(2, 'Thแปฑc phแบฉm chแปฉc nฤng', 'thuc-pham-chuc-nang', 'thuc-pham-chuc-nang.svg', 'Cha', 'Hiแปn thแป'),
(3, 'Chฤm sรณc cรก nhรขn', 'cham-soc-ca-nhan', 'cham-soc-ca-nhan.svg', 'Cha', 'Hiแปn thแป'),
(4, 'Lรm ฤแบนp', 'lam-dep', 'lam-dep.svg', 'Cha', 'Hiแปn thแป'),
(5, 'ฤiแปn mรกy', 'dien-may', 'dien-may.svg', 'Cha', 'Hiแปn thแป'),
(6, 'Thiแบฟt bแป y tแบฟ', 'thiet-bi-y-te', 'thiet-bi-y-te.svg', 'Cha', 'Hiแปn thแป'),
(7, 'Bรกch hรณa', 'bach-hoa', 'bach-hoa.svg', 'Cha', 'Hiแปn thแป'),
(8, 'Nแปi thแบฅt - Trang trรญ', 'noi-that-trang-tri', 'noi-that-trang-tri.svg', 'Cha', 'Hiแปn thแป'),
(9, 'Mแบน & bรฉ', 'me-va-be', 'me-va-be.svg', 'Cha', 'Hiแปn thแป'),
(10, 'Thแปi trang', 'thoi-trang', 'thoi-trang.svg', 'Cha', 'Hiแปn thแป'),
(11, 'Thแปฑc phแบฉm - ฤแป ฤn', 'thuc-pham-do-an', 'thuc-pham-do-an.svg', 'Con', 'Hiแปn thแป');

-- --------------------------------------------------------

--
-- Cแบฅu trรบc bแบฃng cho bแบฃng `danhmuc_sanpham`
--

CREATE TABLE `danhmuc_sanpham` (
  `id` int(11) NOT NULL,
  `id_danhmuc` int(11) NOT NULL,
  `id_sanpham` int(11) NOT NULL
) ENGINE=InnoDB DEFAULT CHARSET=utf8mb4 COLLATE=utf8mb4_unicode_ci;

--
-- ฤang ฤแป dแปฏ liแปu cho bแบฃng `danhmuc_sanpham`
--

INSERT INTO `danhmuc_sanpham` (`id`, `id_danhmuc`, `id_sanpham`) VALUES
(1, 1, 5),
(2, 1, 4),
(3, 2, 1),
(4, 2, 3),
(5, 1, 2),
(6, 2, 9),
(7, 3, 9),
(8, 1, 9),
(9, 7, 6),
(10, 1, 10),
(11, 4, 10),
(12, 4, 11),
(13, 4, 12),
(14, 7, 15),
(15, 7, 14),
(16, 7, 13),
(17, 11, 14),
(18, 11, 15),
(23, 7, 16),
(24, 7, 17),
(25, 7, 18),
(26, 6, 19),
(27, 6, 20),
(28, 6, 21),
(29, 6, 22),
(30, 6, 23),
(31, 4, 24),
(32, 4, 25),
(33, 4, 26),
(34, 4, 27);

-- --------------------------------------------------------

--
-- Cแบฅu trรบc bแบฃng cho bแบฃng `diachi_giaohang`
--

CREATE TABLE `diachi_giaohang` (
  `id` int(11) NOT NULL,
  `id_nguoidung` int(11) NOT NULL,
  `hoten` varchar(255) NOT NULL,
  `sodienthoai` varchar(10) NOT NULL,
  `diachi` text NOT NULL,
  `tinhthanh` varchar(100) NOT NULL,
  `trangthai` enum('Mแบทc ฤแปnh','Khรกc','Tแบกm แบฉn') NOT NULL DEFAULT 'Khรกc',
  `deleted_at` timestamp NULL DEFAULT NULL
) ENGINE=InnoDB DEFAULT CHARSET=utf8mb4 COLLATE=utf8mb4_unicode_ci;

--
-- ฤang ฤแป dแปฏ liแปu cho bแบฃng `diachi_giaohang`
--

INSERT INTO `diachi_giaohang` (`id`, `id_nguoidung`, `hoten`, `sodienthoai`, `diachi`, `tinhthanh`, `trangthai`, `deleted_at`) VALUES
(1, 1, 'Cao Kiแบฟn Hแปฑu', '0845381121', '123 Lรช Lแปฃi, Quแบญn 1', 'TP. Hแป Chรญ Minh', 'Mแบทc ฤแปnh', NULL),
(2, 2, 'Quแบฃn trแป viรชn', '0900000002', '45 Hoรng Diแปu, Quแบญn Hแบฃi Chรขu', 'ฤร Nแบตng', 'Khรกc', NULL),
(3, 3, 'Khรกch hรng 1', '0900000003', '78 Nguyแปn Huแป, Quแบญn Ba ฤรฌnh', 'Hร Nแปi', 'Khรกc', NULL),
(4, 4, 'Khรกch hรng 2', '0900000004', '56 Trแบงn Phรบ, Quแบญn Ninh Kiแปu', 'Cแบงn Thฦก', 'Khรกc', NULL),
(5, 5, 'Khรกch hรng 3', '0900000005', '12 Lรฝ Thฦฐแปng Kiแปt, Phฦฐแปng 2', 'Huแบฟ', 'Khรกc', NULL),
(6, 6, 'Khรกch hรng 4', '0900000006', '22 Nguyแปn Vฤn Cแปซ, Quแบญn 5', 'TP. Hแป Chรญ Minh', 'Khรกc', NULL),
(7, 7, 'Khรกch hรng 5', '0900000007', '9A Hai Bร Trฦฐng, Quแบญn Hoรn Kiแบฟm', 'Hร Nแปi', 'Khรกc', NULL),
(8, 8, 'Khรกch hรng 6', '0900000008', '67 Nguyแปn Trรฃi, Phฦฐแปng 3', 'ฤร Lแบกt', 'Khรกc', NULL),
(9, 9, 'Khรกch hรng 7', '0900000009', '101 Pasteur, Quแบญn 3', 'TP. Hแป Chรญ Minh', 'Khรกc', NULL),
(10, 10, 'Khรกch hรng 8', '0900000010', '32 Nguyแปn ฤรฌnh Chiแปu, Quแบญn 1', 'TP. Hแป Chรญ Minh', 'Khรกc', NULL);

-- --------------------------------------------------------

--
-- Cแบฅu trรบc bแบฃng cho bแบฃng `donhang`
--

CREATE TABLE `donhang` (
  `id` int(11) NOT NULL,
  `id_phuongthuc` int(11) NOT NULL,
  `id_magiamgia` int(11) DEFAULT NULL,
  `id_nguoidung` int(11) NOT NULL,
  `id_phivanchuyen` int(11) NOT NULL,
  `id_diachigiaohang` int(11) NOT NULL,
  `madon` varchar(10) NOT NULL,
  `tongsoluong` int(11) NOT NULL,
  `tamtinh` int(11) NOT NULL,
  `thanhtien` int(11) NOT NULL,
  `trangthaithanhtoan` enum('Chฦฐa thanh toรกn','ฤรฃ thanh toรกn','Thanh toรกn thแบฅt bแบกi','ฤรฃ hoรn tiแปn') NOT NULL DEFAULT 'Chฦฐa thanh toรกn' COMMENT 'Trแบกng thรกi thanh toรกn cแปงa ฤฦกn hรng',
  `trangthai` enum('Chแป xแปญ lรฝ','ฤรฃ xรกc nhแบญn','ฤang chuแบฉn bแป hรng','ฤang giao hรng','ฤรฃ giao hรng','ฤรฃ hแปงy') NOT NULL DEFAULT 'Chแป xแปญ lรฝ' COMMENT 'Trแบกng thรกi xแปญ lรฝ vร vแบญn chuyแปn ฤฦกn hรng',
  `created_at` timestamp NULL DEFAULT NULL,
  `updated_at` timestamp NULL DEFAULT NULL,
  `deleted_at` timestamp NULL DEFAULT NULL
) ENGINE=InnoDB DEFAULT CHARSET=utf8mb4 COLLATE=utf8mb4_unicode_ci;

--
-- ฤang ฤแป dแปฏ liแปu cho bแบฃng `donhang`
--

INSERT INTO `donhang` (`id`, `id_phuongthuc`, `id_magiamgia`, `id_nguoidung`, `id_phivanchuyen`, `id_diachigiaohang`, `madon`, `tongsoluong`, `tamtinh`, `thanhtien`, `trangthaithanhtoan`, `trangthai`, `created_at`, `updated_at`, `deleted_at`) VALUES
(41, 1, 3, 2, 3, 2, 'DH00001', 2, 813170, 764426, 'ฤรฃ thanh toรกn', 'ฤang chuแบฉn bแป hรng', '2025-10-28 18:02:15', '2025-10-29 18:02:15', NULL),
(42, 2, 3, 10, 3, 10, 'DH00002', 3, 964749, 919856, 'ฤรฃ hoรn tiแปn', 'ฤang giao hรng', '2025-10-21 18:02:15', '2025-10-29 18:02:15', NULL),
(43, 3, 6, 10, 2, 10, 'DH00003', 1, 234779, 205915, 'ฤรฃ hoรn tiแปn', 'ฤรฃ xรกc nhแบญn', '2025-10-06 18:02:15', '2025-10-29 18:02:15', NULL),
(44, 2, 6, 5, 2, 5, 'DH00004', 3, 404763, 383780, 'Chฦฐa thanh toรกn', 'ฤรฃ hแปงy', '2025-10-11 18:02:15', '2025-10-29 18:02:15', NULL),
(45, 3, 2, 7, 3, 7, 'DH00005', 2, 278362, 262593, 'Chฦฐa thanh toรกn', 'Chแป xแปญ lรฝ', '2025-09-30 18:02:15', '2025-10-29 18:02:15', NULL),
(46, 3, 9, 6, 1, 6, 'DH00006', 5, 2493030, 2482184, 'Thanh toรกn thแบฅt bแบกi', 'Chแป xแปญ lรฝ', '2025-10-15 18:02:15', '2025-10-29 18:02:15', NULL),
(47, 1, 3, 4, 2, 4, 'DH00007', 4, 1635464, 1624391, 'Chฦฐa thanh toรกn', 'ฤang giao hรng', '2025-10-14 18:02:15', '2025-10-29 18:02:15', NULL),
(48, 2, 2, 1, 3, 1, 'DH00008', 5, 2253575, 2218493, 'ฤรฃ thanh toรกn', 'ฤรฃ hแปงy', '2025-10-16 18:02:15', '2025-10-29 18:02:15', NULL),
(49, 1, 1, 1, 1, 1, 'DH00009', 1, 229071, 197020, 'Thanh toรกn thแบฅt bแบกi', 'Chแป xแปญ lรฝ', '2025-10-17 18:02:15', '2025-10-29 18:02:15', NULL),
(50, 2, 6, 6, 2, 6, 'DH00010', 1, 390329, 373252, 'Thanh toรกn thแบฅt bแบกi', 'ฤรฃ xรกc nhแบญn', '2025-09-29 18:02:15', '2025-10-29 18:02:15', NULL);

-- --------------------------------------------------------

--
-- Cแบฅu trรบc bแบฃng cho bแบฃng `giohang`
--

CREATE TABLE `giohang` (
  `id` int(11) NOT NULL,
  `id_bienthe` int(11) NOT NULL,
  `id_nguoidung` int(11) NOT NULL,
  `soluong` int(11) NOT NULL,
  `thanhtien` int(11) NOT NULL,
  `trangthai` enum('Hiแปn thแป','Tแบกm แบฉn') NOT NULL DEFAULT 'Hiแปn thแป'
) ENGINE=InnoDB DEFAULT CHARSET=utf8mb4 COLLATE=utf8mb4_unicode_ci;

--
-- ฤang ฤแป dแปฏ liแปu cho bแบฃng `giohang`
--

INSERT INTO `giohang` (`id`, `id_bienthe`, `id_nguoidung`, `soluong`, `thanhtien`, `trangthai`) VALUES
(1, 1, 2, 2, 540000, 'Hiแปn thแป'),
(2, 1, 3, 2, 540000, 'Hiแปn thแป'),
(3, 2, 4, 1, 385000, 'Hiแปn thแป'),
(4, 3, 5, 3, 1399680, 'Hiแปn thแป'),
(5, 4, 6, 1, 260000, 'Hiแปn thแป'),
(6, 5, 7, 2, 1024000, 'Hiแปn thแป'),
(7, 6, 8, 1, 270000, 'Hiแปn thแป'),
(8, 7, 3, 5, 1800000, 'Hiแปn thแป'),
(9, 8, 4, 2, 138000, 'Hiแปn thแป'),
(10, 9, 5, 1, 260000, 'Hiแปn thแป'),
(29, 21, 2, 2, 69000, 'Hiแปn thแป');

--
-- Bแบซy `giohang`
--
DELIMITER $$
CREATE TRIGGER `cap_nhat_thanhtien_giohang_TRICKY` BEFORE INSERT ON `giohang` FOR EACH ROW BEGIN
    DECLARE promotion_count INT DEFAULT 0;
    DECLARE discount_multiplier INT DEFAULT 0;
    DECLARE price_unit DECIMAL(10, 2);
    DECLARE num_to_pay INT DEFAULT 0;
    DECLARE num_free INT DEFAULT 0;
    DECLARE current_luottang INT DEFAULT 0;

    -- Lแบฅy thรดng tin ฦฐu ฤรฃi
    SELECT
        bt.giagoc,
        qs.dieukien,
        bt.luottang
    INTO
        price_unit,
        discount_multiplier,
        current_luottang
    FROM quatang_sukien AS qs
    JOIN bienthe AS bt ON NEW.id_bienthe = bt.id
    WHERE
        qs.id_bienthe = NEW.id_bienthe
        AND bt.luottang > 0
        AND NEW.soluong >= qs.dieukien
        AND NOW() BETWEEN qs.ngaybatdau AND qs.ngayketthuc
    LIMIT 1;

    -- Nแบฟu cรณ ฦฐu ฤรฃi
    IF price_unit IS NOT NULL AND discount_multiplier > 0 THEN
        SET promotion_count = FLOOR(NEW.soluong / discount_multiplier);
        SET num_free = LEAST(promotion_count, current_luottang);
        SET num_to_pay = NEW.soluong - num_free;

        -- Tรญnh thรnh tiแปn
        SET NEW.thanhtien = num_to_pay * price_unit;

        -- Giแบฃm lฦฐแปฃt tแบทng
        UPDATE bienthe
        SET luottang = luottang - num_free
        WHERE id = NEW.id_bienthe;
    ELSE
        -- Khรดng cรณ ฦฐu ฤรฃi
        IF price_unit IS NULL THEN
            SELECT giagoc INTO price_unit FROM bienthe WHERE id = NEW.id_bienthe;
        END IF;
        SET NEW.thanhtien = NEW.soluong * price_unit;
    END IF;
END
$$
DELIMITER ;

-- --------------------------------------------------------

--
-- Cแบฅu trรบc bแบฃng cho bแบฃng `giohang_quatang_queue`
--

CREATE TABLE `giohang_quatang_queue` (
  `id` int(11) NOT NULL,
  `id_nguoidung` int(11) DEFAULT NULL,
  `id_bienthe` int(11) DEFAULT NULL,
  `soluong` int(11) DEFAULT NULL,
  `thanhtien` decimal(10,2) DEFAULT NULL,
  `trangthai` varchar(50) DEFAULT NULL
) ENGINE=InnoDB DEFAULT CHARSET=utf8mb4 COLLATE=utf8mb4_general_ci;

-- --------------------------------------------------------

--
-- Cแบฅu trรบc bแบฃng cho bแบฃng `hinhanh_sanpham`
--

CREATE TABLE `hinhanh_sanpham` (
  `id` int(11) NOT NULL,
  `id_sanpham` int(11) NOT NULL,
  `hinhanh` varchar(255) NOT NULL,
  `trangthai` enum('Hiแปn thแป','Tแบกm แบฉn') NOT NULL DEFAULT 'Hiแปn thแป',
  `deleted_at` timestamp NULL DEFAULT NULL
) ENGINE=InnoDB DEFAULT CHARSET=utf8mb4 COLLATE=utf8mb4_unicode_ci;

--
-- ฤang ฤแป dแปฏ liแปu cho bแบฃng `hinhanh_sanpham`
--

INSERT INTO `hinhanh_sanpham` (`id`, `id_sanpham`, `hinhanh`, `trangthai`, `deleted_at`) VALUES
(1, 1, 'keo-ong-xanh-tracybee-propolis-mint-honey-giam-dau-rat-hong-ho-viem-hong-vi-bac-ha-1.webp', 'Hiแปn thแป', NULL),
(2, 1, 'keo-ong-xanh-tracybee-propolis-mint-honey-giam-dau-rat-hong-ho-viem-hong-vi-bac-ha-2.webp', 'Hiแปn thแป', NULL),
(3, 1, 'keo-ong-xanh-tracybee-propolis-mint-honey-giam-dau-rat-hong-ho-viem-hong-vi-bac-ha-3.webp', 'Hiแปn thแป', NULL),
(4, 1, 'keo-ong-xanh-tracybee-propolis-mint-honey-giam-dau-rat-hong-ho-viem-hong-vi-bac-ha-4.webp', 'Hiแปn thแป', NULL),
(5, 2, 'mat-ong-tay-bac-dong-trung-ha-thao-x3-hu-240g-1.webp', 'Hiแปn thแป', NULL),
(6, 2, 'mat-ong-tay-bac-dong-trung-ha-thao-x3-hu-240g-2.webp', 'Hiแปn thแป', NULL),
(7, 2, 'mat-ong-tay-bac-dong-trung-ha-thao-x3-hu-240g-3.webp', 'Hiแปn thแป', NULL),
(8, 3, 'sam-ngoc-linh-truong-sinh-do-thung-24lon-1.webp', 'Hiแปn thแป', NULL),
(9, 3, 'sam-ngoc-linh-truong-sinh-do-thung-24lon-2.webp', 'Hiแปn thแป', NULL),
(10, 3, 'sam-ngoc-linh-truong-sinh-do-thung-24lon-3.webp', 'Hiแปn thแป', NULL),
(11, 3, 'sam-ngoc-linh-truong-sinh-do-thung-24lon-4.webp', 'Hiแปn thแป', NULL),
(12, 3, 'sam-ngoc-linh-truong-sinh-do-thung-24lon-5.webp', 'Hiแปn thแป', NULL),
(13, 4, 'tinh-dau-tram-tu-nhien-eco-ho-tro-giam-ho-cam-cum-so-mui-cam-lanh-lo-30ml-1.webp', 'Hiแปn thแป', NULL),
(14, 4, 'tinh-dau-tram-tu-nhien-eco-ho-tro-giam-ho-cam-cum-so-mui-cam-lanh-lo-30ml-2.webp', 'Hiแปn thแป', NULL),
(15, 4, 'tinh-dau-tram-tu-nhien-eco-ho-tro-giam-ho-cam-cum-so-mui-cam-lanh-lo-30ml-3.webp', 'Hiแปn thแป', NULL),
(16, 5, 'sua-non-to-yen-papamilk-height-gain-giup-tang-can-tang-chieu-cao-cho-tre-tu-1-19-tuoi-lon-830g-1.webp', 'Hiแปn thแป', NULL),
(17, 5, 'sua-non-to-yen-papamilk-height-gain-giup-tang-can-tang-chieu-cao-cho-tre-tu-1-19-tuoi-lon-830g-2.webp', 'Hiแปn thแป', NULL),
(18, 5, 'sua-non-to-yen-papamilk-height-gain-giup-tang-can-tang-chieu-cao-cho-tre-tu-1-19-tuoi-lon-830g-3.webp', 'Hiแปn thแป', NULL),
(19, 5, 'sua-non-to-yen-papamilk-height-gain-giup-tang-can-tang-chieu-cao-cho-tre-tu-1-19-tuoi-lon-830g-4.webp', 'Hiแปn thแป', NULL),
(20, 5, 'sua-non-to-yen-papamilk-height-gain-giup-tang-can-tang-chieu-cao-cho-tre-tu-1-19-tuoi-lon-830g-5.webp', 'Hiแปn thแป', NULL),
(21, 5, 'sua-non-to-yen-papamilk-height-gain-giup-tang-can-tang-chieu-cao-cho-tre-tu-1-19-tuoi-lon-830g-6.webp', 'Hiแปn thแป', NULL),
(22, 6, 'sam-ngoc-linh-truong-sinh-do-thung-24lon-1.webp', 'Hiแปn thแป', NULL),
(23, 9, 'thuc-pham-bao-ve-suc-khoe-midu-menaq7-180mcg-1.webp', 'Hiแปn thแป', NULL),
(24, 9, 'thuc-pham-bao-ve-suc-khoe-midu-menaq7-180mcg-2.webp', 'Hiแปn thแป', NULL),
(25, 9, 'thuc-pham-bao-ve-suc-khoe-midu-menaq7-180mcg-3.webp', 'Hiแปn thแป', NULL),
(26, 9, 'thuc-pham-bao-ve-suc-khoe-midu-menaq7-180mcg-4.webp', 'Hiแปn thแป', NULL),
(27, 9, 'thuc-pham-bao-ve-suc-khoe-midu-menaq7-180mcg-5.webp', 'Hiแปn thแป', NULL),
(28, 10, 'collagen-thuy-phan-ho-tro-da-mong-toc-acai-labs-marine-collagen-beauty-australia-90v-1.webp', 'Hiแปn thแป', NULL),
(29, 10, 'collagen-thuy-phan-ho-tro-da-mong-toc-acai-labs-marine-collagen-beauty-australia-90v-2.webp', 'Hiแปn thแป', NULL),
(30, 10, 'collagen-thuy-phan-ho-tro-da-mong-toc-acai-labs-marine-collagen-beauty-australia-90v-3.webp', 'Hiแปn thแป', NULL),
(31, 10, 'collagen-thuy-phan-ho-tro-da-mong-toc-acai-labs-marine-collagen-beauty-australia-90v-4.webp', 'Hiแปn thแป', NULL),
(32, 10, 'collagen-thuy-phan-ho-tro-da-mong-toc-acai-labs-marine-collagen-beauty-australia-90v-5.webp', 'Hiแปn thแป', NULL),
(33, 11, 'vien-uong-bishin-tripeptide-collagen-nhat-ban-60v-1.webp', 'Hiแปn thแป', NULL),
(34, 11, 'vien-uong-bishin-tripeptide-collagen-nhat-ban-60v-2.webp', 'Hiแปn thแป', NULL),
(35, 11, 'vien-uong-bishin-tripeptide-collagen-nhat-ban-60v-3.webp', 'Hiแปn thแป', NULL),
(36, 11, 'vien-uong-bishin-tripeptide-collagen-nhat-ban-60v-4.webp', 'Hiแปn thแป', NULL),
(37, 12, 'duong-mi-te-bao-goc-cchoi-bio-placenta-lash-serum-1.webp', 'Hiแปn thแป', NULL),
(38, 12, 'duong-mi-te-bao-goc-cchoi-bio-placenta-lash-serum-2.webp', 'Hiแปn thแป', NULL),
(39, 12, 'duong-mi-te-bao-goc-cchoi-bio-placenta-lash-serum-3.webp', 'Hiแปn thแป', NULL),
(40, 12, 'duong-mi-te-bao-goc-cchoi-bio-placenta-lash-serum-4.webp', 'Hiแปn thแป', NULL),
(41, 13, 'nuoc-rua-bat-bio-formula-bo-va-lo-hoi-tui-500ml-1.webp', 'Hiแปn thแป', NULL),
(42, 13, 'nuoc-rua-bat-bio-formula-bo-va-lo-hoi-tui-500ml-2.webp', 'Hiแปn thแป', NULL),
(43, 13, 'nuoc-rua-bat-bio-formula-bo-va-lo-hoi-tui-500ml-3.webp', 'Hiแปn thแป', NULL),
(44, 14, 'banh-trung-thu-2025-thu-an-nhien-banh-chay-hop-2-banh-1-tra-1.webp', 'Hiแปn thแป', NULL),
(45, 14, 'banh-trung-thu-2025-thu-an-nhien-banh-chay-hop-2-banh-1-tra-2.webp', 'Hiแปn thแป', NULL),
(46, 14, 'banh-trung-thu-2025-thu-an-nhien-banh-chay-hop-2-banh-1-tra-3.webp', 'Hiแปn thแป', NULL),
(47, 14, 'banh-trung-thu-2025-thu-an-nhien-banh-chay-hop-2-banh-1-tra-4.webp', 'Hiแปn thแป', NULL),
(48, 14, 'banh-trung-thu-2025-thu-an-nhien-banh-chay-hop-2-banh-1-tra-5.webp', 'Hiแปn thแป', NULL),
(49, 15, 'hat-dieu-rang-muoi-loai-1-con-vo-lua-happy-nuts-500g-1.webp', 'Hiแปn thแป', NULL),
(50, 15, 'hat-dieu-rang-muoi-loai-1-con-vo-lua-happy-nuts-500g-2.webp', 'Hiแปn thแป', NULL),
(51, 15, 'hat-dieu-rang-muoi-loai-1-con-vo-lua-happy-nuts-500g-3.webp', 'Hiแปn thแป', NULL),
(52, 16, 'keo-qua-sam-khong-duong-free-suger-ginseng-berry-s-candy-200g-1.webp', 'Hiแปn thแป', NULL),
(53, 16, 'keo-qua-sam-khong-duong-free-suger-ginseng-berry-s-candy-200g-2.webp', 'Hiแปn thแป', NULL),
(54, 16, 'keo-qua-sam-khong-duong-free-suger-ginseng-berry-s-candy-200g-3.webp', 'Hiแปn thแป', NULL),
(55, 16, 'keo-qua-sam-khong-duong-free-suger-ginseng-berry-s-candy-200g-4.webp', 'Hiแปn thแป', NULL),
(56, 17, 'bot-matcha-gao-rang-nhat-ban-onelife-goi-100g-1.webp', 'Hiแปn thแป', NULL),
(57, 17, 'bot-matcha-gao-rang-nhat-ban-onelife-goi-100g-2.webp', 'Hiแปn thแป', NULL),
(58, 17, 'bot-matcha-gao-rang-nhat-ban-onelife-goi-100g-3.webp', 'Hiแปn thแป', NULL),
(59, 18, 'nuoc-rua-chen-sa-chanh-come-on-lam-sach-bat-dia-an-toan-da-tay-1-lit-1.webp', 'Hiแปn thแป', NULL),
(60, 18, 'nuoc-rua-chen-sa-chanh-come-on-lam-sach-bat-dia-an-toan-da-tay-1-lit-2.webp', 'Hiแปn thแป', NULL),
(61, 19, 'gang-lau-abena-wash-gloves-50-mienggoi-1.webp', 'Hiแปn thแป', NULL),
(62, 19, 'gang-lau-abena-wash-gloves-50-mienggoi-2.webp', 'Hiแปn thแป', NULL),
(63, 19, 'gang-lau-abena-wash-gloves-50-mienggoi-3.webp', 'Hiแปn thแป', NULL),
(64, 20, 'tam-lot-giuong-abena-pad-giat-duoc-85x90cm-1.webp', 'Hiแปn thแป', NULL),
(65, 20, 'tam-lot-giuong-abena-pad-giat-duoc-85x90cm-2.webp', 'Hiแปn thแป', NULL),
(66, 20, 'tam-lot-giuong-abena-pad-giat-duoc-85x90cm-3.webp', 'Hiแปn thแป', NULL),
(67, 21, 'may-xong-khi-dung-cam-tay-kachi-ys35-giai-phap-ho-hap-linh-hoat-moi-luc-moi-noi-1.webp', 'Hiแปn thแป', NULL),
(68, 21, 'may-xong-khi-dung-cam-tay-kachi-ys35-giai-phap-ho-hap-linh-hoat-moi-luc-moi-noi-2.webp', 'Hiแปn thแป', NULL),
(69, 21, 'may-xong-khi-dung-cam-tay-kachi-ys35-giai-phap-ho-hap-linh-hoat-moi-luc-moi-noi-3.webp', 'Hiแปn thแป', NULL),
(70, 21, 'may-xong-khi-dung-cam-tay-kachi-ys35-giai-phap-ho-hap-linh-hoat-moi-luc-moi-noi-4.webp', 'Hiแปn thแป', NULL),
(71, 21, 'may-xong-khi-dung-cam-tay-kachi-ys35-giai-phap-ho-hap-linh-hoat-moi-luc-moi-noi-5.webp', 'Hiแปn thแป', NULL),
(72, 21, 'may-xong-khi-dung-cam-tay-kachi-ys35-giai-phap-ho-hap-linh-hoat-moi-luc-moi-noi-6.webp', 'Hiแปn thแป', NULL),
(73, 21, 'may-xong-khi-dung-cam-tay-kachi-ys35-giai-phap-ho-hap-linh-hoat-moi-luc-moi-noi-7.webp', 'Hiแปn thแป', NULL),
(74, 21, 'may-xong-khi-dung-cam-tay-kachi-ys35-giai-phap-ho-hap-linh-hoat-moi-luc-moi-noi-8.webp', 'Hiแปn thแป', NULL),
(75, 22, 'hu-hit-thao-duoc-nhi-thien-duong-hu-5g-1.webp', 'Hiแปn thแป', NULL),
(76, 22, 'hu-hit-thao-duoc-nhi-thien-duong-hu-5g-2.webp', 'Hiแปn thแป', NULL),
(77, 22, 'hu-hit-thao-duoc-nhi-thien-duong-hu-5g-3.webp', 'Hiแปn thแป', NULL),
(78, 23, 'tam-lot-abena-pad-45x45-1.webp', 'Hiแปn thแป', NULL),
(79, 23, 'tam-lot-abena-pad-45x45-2.webp', 'Hiแปn thแป', NULL),
(80, 23, 'tam-lot-abena-pad-45x45-3.webp', 'Hiแปn thแป', NULL),
(81, 24, 'serum-angels-liquid-glutathione-plus-niacinamide-cica-ampoule-ho-tro-lam-trang-kiem-soat-dau-thu-nho-lo-chan-long-chai-45ml-1.webp', 'Hiแปn thแป', NULL),
(82, 24, 'serum-angels-liquid-glutathione-plus-niacinamide-cica-ampoule-ho-tro-lam-trang-kiem-soat-dau-thu-nho-lo-chan-long-chai-45ml-2.webp', 'Hiแปn thแป', NULL),
(83, 24, 'serum-angels-liquid-glutathione-plus-niacinamide-cica-ampoule-ho-tro-lam-trang-kiem-soat-dau-thu-nho-lo-chan-long-chai-45ml-3.webp', 'Hiแปn thแป', NULL),
(84, 24, 'serum-angels-liquid-glutathione-plus-niacinamide-cica-ampoule-ho-tro-lam-trang-kiem-soat-dau-thu-nho-lo-chan-long-chai-45ml-4.webp', 'Hiแปn thแป', NULL),
(85, 24, 'serum-angels-liquid-glutathione-plus-niacinamide-cica-ampoule-ho-tro-lam-trang-kiem-soat-dau-thu-nho-lo-chan-long-chai-45ml-5.webp', 'Hiแปn thแป', NULL),
(86, 24, 'serum-angels-liquid-glutathione-plus-niacinamide-cica-ampoule-ho-tro-lam-trang-kiem-soat-dau-thu-nho-lo-chan-long-chai-45ml-6.webp', 'Hiแปn thแป', NULL),
(87, 25, 'thanh-lan-serum-cellbn-ho-tro-cai-thien-nep-nhan-giup-da-san-chac-peptide-collagen-adenosine-15ml-1.webp', 'Hiแปn thแป', NULL),
(88, 25, 'thanh-lan-serum-cellbn-ho-tro-cai-thien-nep-nhan-giup-da-san-chac-peptide-collagen-adenosine-15ml-2.webp', 'Hiแปn thแป', NULL),
(89, 25, 'thanh-lan-serum-cellbn-ho-tro-cai-thien-nep-nhan-giup-da-san-chac-peptide-collagen-adenosine-15ml-3.webp', 'Hiแปn thแป', NULL),
(90, 25, 'thanh-lan-serum-cellbn-ho-tro-cai-thien-nep-nhan-giup-da-san-chac-peptide-collagen-adenosine-15ml-4.webp', 'Hiแปn thแป', NULL),
(91, 25, 'thanh-lan-serum-cellbn-ho-tro-cai-thien-nep-nhan-giup-da-san-chac-peptide-collagen-adenosine-15ml-5.webp', 'Hiแปn thแป', NULL),
(92, 25, 'thanh-lan-serum-cellbn-ho-tro-cai-thien-nep-nhan-giup-da-san-chac-peptide-collagen-adenosine-15ml-6.webp', 'Hiแปn thแป', NULL),
(93, 26, 'nuoc-tay-trang-rua-mat-cap-am-can-bang-do-ph-tren-da-cell-fusion-c-low-ph-pharrier-cleansing-water-1.webp', 'Hiแปn thแป', NULL),
(94, 26, 'nuoc-tay-trang-rua-mat-cap-am-can-bang-do-ph-tren-da-cell-fusion-c-low-ph-pharrier-cleansing-water-2.webp', 'Hiแปn thแป', NULL),
(95, 26, 'nuoc-tay-trang-rua-mat-cap-am-can-bang-do-ph-tren-da-cell-fusion-c-low-ph-pharrier-cleansing-water-3.webp', 'Hiแปn thแป', NULL),
(96, 26, 'nuoc-tay-trang-rua-mat-cap-am-can-bang-do-ph-tren-da-cell-fusion-c-low-ph-pharrier-cleansing-water-4.webp', 'Hiแปn thแป', NULL),
(97, 26, 'nuoc-tay-trang-rua-mat-cap-am-can-bang-do-ph-tren-da-cell-fusion-c-low-ph-pharrier-cleansing-water-5.webp', 'Hiแปn thแป', NULL),
(98, 26, 'nuoc-tay-trang-rua-mat-cap-am-can-bang-do-ph-tren-da-cell-fusion-c-low-ph-pharrier-cleansing-water-6.webp', 'Hiแปn thแป', NULL),
(100, 27, 'mat-na-bun-luvum-pore-reset-mud-mask-giup-lam-sach-thu-nho-lo-chan-long-mieng-le-16g-2.webp', 'Hiแปn thแป', NULL),
(102, 27, 'mat-na-bun-luvum-pore-reset-mud-mask-giup-lam-sach-thu-nho-lo-chan-long-mieng-le-16g-4.webp', 'Hiแปn thแป', NULL),
(103, 27, 'mat-na-bun-luvum-pore-reset-mud-mask-giup-lam-sach-thu-nho-lo-chan-long-mieng-le-16g-5.webp', 'Hiแปn thแป', NULL),
(104, 27, 'mat-na-bun-luvum-pore-reset-mud-mask-giup-lam-sach-thu-nho-lo-chan-long-mieng-le-16g-6.webp', 'Hiแปn thแป', NULL),
(105, 27, 'mat-na-bun-luvum-pore-reset-mud-mask-giup-lam-sach-thu-nho-lo-chan-long-mieng-le-16g-7.webp', 'Hiแปn thแป', NULL),
(106, 27, 'mat-na-bun-luvum-pore-reset-mud-mask-giup-lam-sach-thu-nho-lo-chan-long-mieng-le-16g-8.webp', 'Hiแปn thแป', NULL);

-- --------------------------------------------------------

--
-- Cแบฅu trรบc bแบฃng cho bแบฃng `loaibienthe`
--

CREATE TABLE `loaibienthe` (
  `id` int(11) NOT NULL,
  `ten` varchar(255) NOT NULL,
  `trangthai` enum('Hiแปn thแป','Tแบกm แบฉn') NOT NULL DEFAULT 'Hiแปn thแป'
) ENGINE=InnoDB DEFAULT CHARSET=utf8mb4 COLLATE=utf8mb4_unicode_ci;

--
-- ฤang ฤแป dแปฏ liแปu cho bแบฃng `loaibienthe`
--

INSERT INTO `loaibienthe` (`id`, `ten`, `trangthai`) VALUES
(1, 'Lแป', 'Hiแปn thแป'),
(2, 'Hแปp', 'Hiแปn thแป'),
(3, 'Gรณi', 'Hiแปn thแป'),
(4, 'Tรบi 500ml', 'Hiแปn thแป'),
(5, 'Hแปp (Vแป lแปฅa) 500g', 'Hiแปn thแป'),
(6, 'Hแปp (ฤรฃ lแปt vแป) 500g', 'Hiแปn thแป'),
(7, 'Chai', 'Hiแปn thแป'),
(8, 'Bรฌnh xแปt', 'Hiแปn thแป'),
(9, 'Cรกi', 'Hiแปn thแป'),
(10, 'Chai 45ml', 'Hiแปn thแป'),
(11, 'Loแบกi 15ml', 'Hiแปn thแป');

-- --------------------------------------------------------

--
-- Cแบฅu trรบc bแบฃng cho bแบฃng `magiamgia`
--

CREATE TABLE `magiamgia` (
  `id` int(11) NOT NULL,
  `magiamgia` int(11) NOT NULL,
  `dieukien` varchar(255) NOT NULL,
  `mota` text DEFAULT NULL,
  `giatri` int(11) NOT NULL,
  `ngaybatdau` date NOT NULL,
  `ngayketthuc` date NOT NULL,
  `trangthai` enum('Hoแบกt ฤแปng','Tแบกm khรณa','Dแปซng hoแบกt ฤแปng') NOT NULL DEFAULT 'Hoแบกt ฤแปng',
  `deleted_at` timestamp NULL DEFAULT NULL
) ENGINE=InnoDB DEFAULT CHARSET=utf8mb4 COLLATE=utf8mb4_unicode_ci;

--
-- ฤang ฤแป dแปฏ liแปu cho bแบฃng `magiamgia`
--

INSERT INTO `magiamgia` (`id`, `magiamgia`, `dieukien`, `mota`, `giatri`, `ngaybatdau`, `ngayketthuc`, `trangthai`, `deleted_at`) VALUES
(1, 10001, 'donhang_toi_thieu_500k', 'Giแบฃm 99K cho ฤฦกn hรng trong ngรy 9.9', 99000, '2025-09-09', '2025-09-09', 'Hoแบกt ฤแปng', NULL),
(2, 10002, 'khachhang_moi', 'Voucher 100K cho khรกch hรng mแปi', 100000, '2025-09-01', '2025-12-31', 'Hoแบกt ฤแปng', NULL),
(3, 10003, 'tatca', 'Giแบฃm tแปi ฤa 50K phรญ ship', 50000, '2025-09-01', '2025-11-30', 'Hoแบกt ฤแปng', NULL),
(4, 10004, 'khachhang_than_thiet', 'Giแบฃm 200K cho khรกch hรng sinh nhแบญt trong thรกng', 200000, '2025-01-01', '2025-12-31', 'Tแบกm khรณa', NULL),
(6, 10006, 'tatca', 'Giรกng Sinh - Giแบฃm 150K', 150000, '2025-12-20', '2025-12-25', 'Hoแบกt ฤแปng', NULL),
(9, 10009, 'tatca', 'Halloween Sale - Giแบฃm 66K', 66000, '2025-10-31', '2025-10-31', 'Hoแบกt ฤแปng', NULL),
(10, 10010, 'tatca', 'Tแบฟt 2026 - Giแบฃm 300K', 300000, '2026-01-15', '2026-02-05', 'Tแบกm khรณa', NULL);

-- --------------------------------------------------------

--
-- Cแบฅu trรบc bแบฃng cho bแบฃng `migrations`
--

CREATE TABLE `migrations` (
  `id` int(10) UNSIGNED NOT NULL,
  `migration` varchar(255) NOT NULL,
  `batch` int(11) NOT NULL
) ENGINE=InnoDB DEFAULT CHARSET=utf8mb4 COLLATE=utf8mb4_unicode_ci;

-- --------------------------------------------------------

--
-- Cแบฅu trรบc bแบฃng cho bแบฃng `nguoidung`
--

CREATE TABLE `nguoidung` (
  `id` int(11) NOT NULL,
  `username` varchar(255) NOT NULL,
  `password` varchar(255) NOT NULL,
  `sodienthoai` varchar(10) NOT NULL,
  `hoten` varchar(255) NOT NULL,
  `gioitinh` enum('Nam','Nแปฏ') NOT NULL,
  `ngaysinh` date NOT NULL,
  `avatar` varchar(255) NOT NULL DEFAULT 'khachhang.jpg',
  `vaitro` enum('admin','seller','client') NOT NULL,
  `trangthai` enum('Hoแบกt ฤแปng','Tแบกm khรณa','Dแปซng hoแบกt ฤแปng') NOT NULL,
  `deleted_at` timestamp NULL DEFAULT NULL
) ENGINE=InnoDB DEFAULT CHARSET=utf8mb4 COLLATE=utf8mb4_unicode_ci;

--
-- ฤang ฤแป dแปฏ liแปu cho bแบฃng `nguoidung`
--

INSERT INTO `nguoidung` (`id`, `username`, `password`, `sodienthoai`, `hoten`, `gioitinh`, `ngaysinh`, `avatar`, `vaitro`, `trangthai`, `deleted_at`) VALUES
(1, 'lyhuu123', '$2y$12$AJPcc5roamhyM3lnvS/43Os9Rtpid.N7kiru4TcAPcXY40LQpjBK6', '0845381121', 'Cao Kiแบฟn Hแปฑu', 'Nam', '2004-10-13', 'khachhang.jpg', 'seller', 'Hoแบกt ฤแปng', NULL),
(2, 'admindemo', '$2y$12$PDbfT41cUl6VFlLjV9WdAup59mNIWuIuBP1LV2Gc1mm0xbR3Hjfo2', '0900000003', 'Nguyแปn Admindemo', 'Nแปฏ', '1995-05-12', 'rzJ5m77PcacZyXc5laTJnkqccy3wL9t50YiqNVZ6.jpg', 'admin', 'Hoแบกt ฤแปng', NULL),
(3, 'user1', '$2y$12$UZ68u.4zKKk84DO2iZKIZujt51QddTmTK1tafKU7nRt3mbd/7P0bK', '0900000003', 'Khรกch hรng 1', 'Nam', '2000-01-01', 'khachhang.jpg', 'client', 'Hoแบกt ฤแปng', NULL),
(4, 'user2', '$2y$12$zS4JtABgN/wVN9muL91stullBJ2JwilMO9dE.l3Gd9/UvwwWpwd3y', '0900000004', 'Khรกch hรng 2', 'Nแปฏ', '2000-01-02', 'khachhang.jpg', 'client', 'Hoแบกt ฤแปng', NULL),
(5, 'user3', '$2y$12$KGINiwPcrW/mNca.bk1eK.2bIHRZ9tmIdy1L0GfRFw1nVaxl0K3Pq', '0900000005', 'Khรกch hรng 3', 'Nam', '2000-01-03', 'khachhang.jpg', 'client', 'Hoแบกt ฤแปng', NULL),
(6, 'user4', '$2y$12$4zxjsyOdCXeZzDmYvYWKv.HATWvidHaR28D.eB6SnlpSsHxvnXTba', '0900000006', 'Khรกch hรng 4', 'Nแปฏ', '2000-01-04', 'khachhang.jpg', 'client', 'Hoแบกt ฤแปng', NULL),
(7, 'user5', '$2y$12$I1Z46PM2/Evi5uAdToxjq.gYu1QZGM90c5F3IHcNBNkpSP7ZReBHK', '0900000007', 'Khรกch hรng 5', 'Nam', '2000-01-05', 'khachhang.jpg', 'client', 'Hoแบกt ฤแปng', NULL),
(8, 'user6', '$2y$12$C4lct1J.z3glG83yvqEE8eaBrpWXt514ikFPd6FwfZ4reDopjb6G6', '0900000008', 'Khรกch hรng 6', 'Nแปฏ', '2000-01-06', 'khachhang.jpg', 'client', 'Hoแบกt ฤแปng', NULL),
(9, 'user7', '$2y$12$B1/sArC4XdCuz7TVV8ey5.sk14ZNisA2XGEhAilS9sY54Pyb4j22C', '0900000009', 'Khรกch hรng 7', 'Nam', '2000-01-07', 'khachhang.jpg', 'client', 'Hoแบกt ฤแปng', NULL),
(10, 'user8', '$2y$12$Zpwe.oRM8N5sU9HqYOeghuavV.zc5.QAMIUNWxUDPhhSMPsDTz4qS', '0900000010', 'Khรกch hรng 8', 'Nแปฏ', '2000-01-08', 'khachhang.jpg', 'client', 'Hoแบกt ฤแปng', NULL);

-- --------------------------------------------------------

--
-- Cแบฅu trรบc bแบฃng cho bแบฃng `phivanchuyen`
--

CREATE TABLE `phivanchuyen` (
  `id` int(11) NOT NULL,
  `ten` varchar(50) NOT NULL,
  `phi` int(11) UNSIGNED NOT NULL DEFAULT 0,
  `trangthai` enum('hiแปn thแป','แบฉn') NOT NULL DEFAULT 'hiแปn thแป'
) ENGINE=InnoDB DEFAULT CHARSET=utf8mb4 COLLATE=utf8mb4_unicode_ci;

--
-- ฤang ฤแป dแปฏ liแปu cho bแบฃng `phivanchuyen`
--

INSERT INTO `phivanchuyen` (`id`, `ten`, `phi`, `trangthai`) VALUES
(1, 'Nแปi thรnh', 25000, 'hiแปn thแป'),
(2, 'Ngoแบกi thรnh', 35000, 'hiแปn thแป'),
(3, 'Miแปn phรญ', 0, 'hiแปn thแป');

-- --------------------------------------------------------

--
-- Cแบฅu trรบc bแบฃng cho bแบฃng `phuongthuc`
--

CREATE TABLE `phuongthuc` (
  `id` int(11) NOT NULL,
  `ten` varchar(255) NOT NULL,
  `maphuongthuc` text DEFAULT NULL,
  `trangthai` enum('Hoแบกt ฤแปng','Tแบกm khรณa','Dแปซng hoแบกt ฤแปng') NOT NULL DEFAULT 'Hoแบกt ฤแปng'
) ENGINE=InnoDB DEFAULT CHARSET=utf8mb4 COLLATE=utf8mb4_unicode_ci;

--
-- ฤang ฤแป dแปฏ liแปu cho bแบฃng `phuongthuc`
--

INSERT INTO `phuongthuc` (`id`, `ten`, `maphuongthuc`, `trangthai`) VALUES
(1, 'Chuyแปn khoแบฃn ngรขn hรng trแปฑc tiแบฟp', 'dbt', 'Hoแบกt ฤแปng'),
(2, 'Kiแปm tra thanh toรกn', 'cp', 'Hoแบกt ฤแปng'),
(3, 'Thanh toรกn khi nhแบญn hรng (COD)', 'cod', 'Hoแบกt ฤแปng');

-- --------------------------------------------------------

--
-- Cแบฅu trรบc bแบฃng cho bแบฃng `quangcao`
--

CREATE TABLE `quangcao` (
  `id` int(11) NOT NULL,
  `vitri` enum('home_banner_slider','home_banner_event_1','home_banner_event_2','home_banner_event_3','home_banner_event_4','home_banner_promotion_1','home_banner_promotion_2','home_banner_promotion_3','home_banner_ads','home_banner_product') NOT NULL,
  `hinhanh` varchar(255) NOT NULL,
  `lienket` text NOT NULL,
  `mota` text NOT NULL,
  `trangthai` enum('Hiแปn thแป','Tแบกm แบฉn') NOT NULL DEFAULT 'Hiแปn thแป'
) ENGINE=InnoDB DEFAULT CHARSET=utf8mb4 COLLATE=utf8mb4_unicode_ci;

--
-- ฤang ฤแป dแปฏ liแปu cho bแบฃng `quangcao`
--

INSERT INTO `quangcao` (`id`, `vitri`, `hinhanh`, `lienket`, `mota`, `trangthai`) VALUES
(1, 'home_banner_slider', 'banner-droppii-1.png', 'https://droppii.vn', 'Liรชn kแบฟt ฤแบฟn Droppii Mall', 'Hiแปn thแป'),
(2, 'home_banner_slider', 'banner-droppii-2.png', 'https://droppii.vn', 'Liรชn kแบฟt ฤแบฟn Droppii Mall', 'Hiแปn thแป'),
(3, 'home_banner_slider', 'banner-droppii-3.png', 'https://droppii.vn', 'Liรชn kแบฟt ฤแบฟn Droppii Mall', 'Hiแปn thแป'),
(4, 'home_banner_event_1', 'shopee-1.jpg', 'https://shopee.tw', 'Liรชn kแบฟt ฤแบฟn Shopee', 'Hiแปn thแป'),
(5, 'home_banner_event_2', 'shopee-2.jpg', 'https://shopee.tw', 'liรชn kแบฟt ฤแบฟn Shopee', 'Hiแปn thแป'),
(6, 'home_banner_event_3', 'shopee-3.jpg', 'https://shopee.tw', 'Liรชn kแบฟt ฤแบฟn Shopee', 'Hiแปn thแป'),
(7, 'home_banner_event_4', 'shopee-04.webp', 'https://shopee.tw', 'Liรชn kแบฟt ฤแบฟn shopee', 'Hiแปn thแป'),
(8, 'home_banner_promotion_1', 'shopee-05.jpg', 'https://shopee.tw', 'Liรชn kแบฟt ฤแบฟn shopee', 'Hiแปn thแป'),
(9, 'home_banner_promotion_2', 'shopee-06.jpg', 'https://shopee.tw', 'Liรชn kแบฟt ฤแบฟn shopee', 'Hiแปn thแป'),
(10, 'home_banner_promotion_3', 'shopee-07.jpg', 'https://shopee.tw', 'Liรชn kแบฟt ฤแบฟn shopee', 'Hiแปn thแป'),
(11, 'home_banner_ads', 'shopee-05.jpg', 'https://shopee.tw', 'Liรชn kแบฟt ฤแบฟn shopee', 'Hiแปn thแป'),
(12, 'home_banner_product', 'shopee-09.jfif', 'https://shopee.tw', 'Liรชn kแบฟt ฤแบฟn Shopee', 'Hiแปn thแป');

-- --------------------------------------------------------

--
-- Cแบฅu trรบc bแบฃng cho bแบฃng `quatang_sukien`
--

CREATE TABLE `quatang_sukien` (
  `id` int(11) NOT NULL,
  `id_bienthe` int(11) NOT NULL,
  `id_chuongtrinh` int(11) NOT NULL,
  `dieukien` varchar(255) NOT NULL,
  `tieude` text NOT NULL,
  `thongtin` longtext NOT NULL,
  `hinhanh` text NOT NULL,
  `luotxem` int(11) NOT NULL DEFAULT 0,
  `ngaybatdau` date DEFAULT NULL,
  `ngayketthuc` date DEFAULT NULL,
  `trangthai` enum('Hiแปn thแป','Tแบกm แบฉn') NOT NULL DEFAULT 'Hiแปn thแป',
  `deleted_at` timestamp NULL DEFAULT NULL
) ENGINE=InnoDB DEFAULT CHARSET=utf8mb4 COLLATE=utf8mb4_unicode_ci;

--
-- ฤang ฤแป dแปฏ liแปu cho bแบฃng `quatang_sukien`
--

INSERT INTO `quatang_sukien` (`id`, `id_bienthe`, `id_chuongtrinh`, `dieukien`, `tieude`, `thongtin`, `hinhanh`, `luotxem`, `ngaybatdau`, `ngayketthuc`, `trangthai`, `deleted_at`) VALUES
(1, 1, 1, '2', 'ฦฏu ฤรฃi sinh nhแบญt 13/10 - Tแบทng 1 sแบฃn phแบฉm bแบฅt kแปณ', 'Mua 2 sแบฃn phแบฉm tแปซ Trung Tรขm Bรกn Hรng Siรชu Thแป Vina ฤแป nhแบญn ฤฦฐแปฃc ฦฐu ฤรฃi tแบทng 1 sแบฃn phแบฉm nhรขn ngรy sinh nhแบญt 13/10', 'thuc-pham-bao-ve-suc-khoe-midu-menaq7-180mcg-2.webp', 0, '2025-10-18', '2025-11-02', 'Hiแปn thแป', NULL),
(2, 2, 1, '5', 'Tแบทng 1 sแบฃn phแบฉm tแปซ thฦฐฦกng hiแปu khi thรชm 5 sแบฃn phแบฉm bแบฅt kแปณ trong giแป hรng cแปงa thฦฐฦกng hiแปu', 'Khรดng cรณ thรดng tin', 'sam-ngoc-linh-truong-sinh-do-thung-24lon-1.webp', 5, '2025-10-18', '2025-10-25', 'Hiแปn thแป', NULL),
(3, 18, 1, '3', 'Tแบทng 1 quร Trung Thu khi mua 3 sแบฃn phแบฉm tแปซ Trung Tรขm Bรกn Hรng', 'Khรดng cรณ thรดng tin', 'banh-trung-thu-2025-thu-an-nhien-banh-chay-hop-2-banh-1-tra-1.webp', 12, '2025-10-01', '2025-11-20', 'Hiแปn thแป', NULL),
(4, 27, 1, '2', 'Tแบทng 1 thiแบฟt bแป y tแบฟ khi 2 sแบฃn phแบฉm y tแบฟ khรกc nhau cแปงa thฦฐฦกng hiแปu y tแบฟ ABENA', 'Khรดng cรณ thรดng tin', 'tam-lot-abena-pad-45x45-1.webp', 0, '2025-10-13', '2025-12-31', 'Hiแปn thแป', NULL),
(5, 17, 1, '3', 'Tแบทng 1 sแบฃn phแบฉm bรกch hรณa khi mua 3 sแบฃn phแบฉm bแบฅt kแปณ tแปซ Trung Tรขm Bรกn Hรng nhรขn ngรy sinh nhแบญt 13/10', 'Khรดng cรณ thรดng tin', 'nuoc-rua-bat-bio-formula-bo-va-lo-hoi-tui-500ml-1.webp', 1200, '2025-10-13', '2025-12-31', 'Hiแปn thแป', NULL),
(6, 21, 1, '2', 'test cแบญp nhแบญt giแป ', 'test cแบญp nhแบญt giแป ', 'ss.png', 2, '2025-10-27', '2025-11-07', 'Hiแปn thแป', NULL);

-- --------------------------------------------------------

--
-- Cแบฅu trรบc bแบฃng cho bแบฃng `sanpham`
--

CREATE TABLE `sanpham` (
  `id` int(11) NOT NULL,
  `id_thuonghieu` int(11) NOT NULL,
  `ten` text NOT NULL,
  `slug` text NOT NULL,
  `mota` longtext NOT NULL,
  `xuatxu` varchar(255) DEFAULT NULL,
  `sanxuat` varchar(255) DEFAULT NULL,
  `trangthai` enum('Cรดng khai','Chแป duyแปt','Tแบกm แบฉn','Tแบกm khรณa') NOT NULL DEFAULT 'Chแป duyแปt',
  `giamgia` int(11) NOT NULL DEFAULT 0,
  `luotxem` int(11) NOT NULL DEFAULT 0,
  `deleted_at` timestamp NULL DEFAULT NULL
) ENGINE=InnoDB DEFAULT CHARSET=utf8mb4 COLLATE=utf8mb4_unicode_ci COMMENT='Sแบฃn phแบฉm';

--
-- ฤang ฤแป dแปฏ liแปu cho bแบฃng `sanpham`
--

INSERT INTO `sanpham` (`id`, `id_thuonghieu`, `ten`, `slug`, `mota`, `xuatxu`, `sanxuat`, `trangthai`, `giamgia`, `luotxem`, `deleted_at`) VALUES
(1, 1, 'Keo ong xanh Tracybee Propolis Mint & Honey โ Giแบฃm ฤau rรกt hแปng, ho, viรชm hแปng (Vแป Bแบกc Hร)', 'keo-ong-xanh-tracybee-propolis-mint-honey-giam-dau-rat-hong-ho-viem-hong-vi-bac-ha', 'Bแบกn ฤang tรฌm kiแบฟm giแบฃi phรกp khรกng khuแบฉn tแปฑ nhiรชn vร giแบฃm ฤau hแปng tแปฉc thรฌ? Keo ong xanh Tracybee Propolis Mint & Honey lร sแปฑ kแบฟt hแปฃp hoรn hแบฃo giแปฏa dฦฐแปฃc liแปu quรฝ tแปซ thiรชn nhiรชn vร hฦฐฦกng vแป the mรกt, giรบp bแบกn vฦฐแปฃt qua nhแปฏng cฦกn ฤau rรกt hแปng, ho vร viรชm hแปng khรณ chแปu mแปt cรกch nhanh chรณng.', 'Brazil', 'Nhแบญp khแบฉu chรญnh ngแบกch bแปi Siรชu Thแป Vina', 'Cรดng khai', 10, 3, NULL),
(2, 1, 'Mแบญt ong Tรขy Bแบฏc ฤรดng trรนng hแบก thแบฃo X3 (Hลฉ 240g)', 'mat-ong-tay-bac-dong-trung-ha-thao-x3-hu-240g', 'Mแบญt ong Tรขy Bแบฏc ฤรดng Trรนng Hแบก Thแบฃo X3 lร siรชu phแบฉm bแปi bแป sแปฉc khแปe, kแบฟt hแปฃp giแปฏa mแบญt ong rแปซng Tรขy Bแบฏc nguyรชn chแบฅt vร hรm lฦฐแปฃng ฤรดng Trรนng Hแบก Thแบฃo ฤฦฐแปฃc tฤng cฦฐแปng gแบฅp 3 lแบงn (X3). Sแบฃn phแบฉm mang ฤแบฟn giแบฃi phรกp tiแปn lแปฃi vร hiแปu quแบฃ tแปi ฦฐu ฤแป nรขng cao thแป trแบกng, tฤng cฦฐแปng ฤแป khรกng vร phแปฅc hแปi sแปฉc khแปe.', 'Viแปt Nam', 'Viแปt Nam', 'Cรดng khai', 20, 1, NULL),
(3, 1, 'Sรขm Ngแปc Linh trฦฐแปng sinh ฤแป (Thรนng 24lon)', 'sam-ngoc-linh-truong-sinh-do-thung-24lon', 'Sรขm Ngแปc Linh Trฦฐแปng Sinh ฤแป lร tinh hoa cแปงa dฦฐแปฃc liแปu quรฝ hiแบฟm, mang ฤแบฟn giแบฃi phรกp tiแปn lแปฃi ฤแป bแปi bแป sแปฉc khแปe vร nรขng cao thแป trแบกng mแปi ngรy. ฤฦฐแปฃc chiแบฟt xuแบฅt tแปซ Sรขm Ngแปc Linh quรฝ giรก โ \"Quแปc bแบฃo cแปงa Viแปt Nam\" โ sแบฃn phแบฉm แป dแบกng lon uแปng liแปn giรบp bแบกn hแบฅp thu trแปn vแบนn dฦฐแปกng chแบฅt mแปt cรกch nhanh chรณng vร hiแปu quแบฃ.', 'Viแปt Nam', 'Viแปt Nam', 'Cรดng khai', 0, 2, NULL),
(4, 1, 'Tinh dแบงu trรm tแปฑ nhiรชn ECO - Hแป trแปฃ giแบฃm ho, cแบฃm cรบm, sแป mลฉi, cแบฃm lแบกnh (Lแป 30ml)', 'tinh-dau-tram-tu-nhien-eco-ho-tro-giam-ho-cam-cum-so-mui-cam-lanh-lo-30ml', 'Tinh Dแบงu Trรm Tแปฑ Nhiรชn ECO lร sแบฃn phแบฉm chiแบฟt xuแบฅt 100% tแปซ lรก trรm nguyรชn chแบฅt, mang trong mรฌnh nhแปฏng cรดng dแปฅng truyแปn thแปng tuyแปt vแปi trong viแปc bแบฃo vแป sแปฉc khแปe, ฤแบทc biแปt lร hแป hรด hแบฅp. Vแปi khแบฃ nฤng khรกng khuแบฉn, lรm แบฅm vร thฦฐ giรฃn, Tinh dแบงu Trรm ECO lร ngฦฐแปi bแบกn ฤแปng hรnh khรดng thแป thiแบฟu trong tแปง thuแปc gia ฤรฌnh, giรบp ฤแปi phรณ hiแปu quแบฃ vแปi cรกc triแปu chแปฉng cแบฃm thรดng thฦฐแปng.', 'Viแปt Nam', 'Viแปt Nam', 'Cรดng khai', 85, 1, NULL),
(5, 1, 'Sแปฏa non tแป yแบฟn Papamilk Height & Gain giรบp tฤng cรขn tฤng chiแปu cao cho Trแบป tแปซ 1-19 tuแปi - Lon 830G', 'sua-non-to-yen-papamilk-height-gain-giup-tang-can-tang-chieu-cao-cho-tre-tu-1-19-tuoi-lon-830g', 'Sแปฏa Non Tแป Yแบฟn Papamilk Height & Gain lร cรดng thแปฉc dinh dฦฐแปกng ฤแปt phรก ฤฦฐแปฃc thiแบฟt kแบฟ chuyรชn biแปt ฤแป hแป trแปฃ tฤng cรขn khแปe mแบกnh vร tแปi ฦฐu hรณa chiแปu cao cho trแบป em vร thanh thiแบฟu niรชn tแปซ 1 ฤแบฟn 19 tuแปi. Sแปฑ kแบฟt hแปฃp ฤแปc ฤรกo giแปฏa Sแปฏa Non cao cแบฅp, Tแป Yแบฟn quรฝ giรก cรนng hแป dฦฐแปกng chแบฅt khoa hแปc giรบp con bแบกn xรขy dแปฑng nแปn tแบฃng vแปฏng chแบฏc cho mแปt tฦฐฦกng lai phรกt triแปn vฦฐแปฃt trแปi.', 'Viแปt Nam', 'Viแปt Nam', 'Cรดng khai', 20, 1, NULL),
(6, 1, 'hahaha', 'hahahaha', 'รกdasdasd', 'ss', 'ss', 'Cรดng khai', 20, 9, NULL),
(9, 1, 'Thแปฑc phแบฉm bแบฃo vแป sแปฉc khแปe: Midu MenaQ7 180mcg', 'thuc-pham-bao-ve-suc-khoe-midu-menaq7-180mcg', 'Midu MenaQ7 180mcg bแป sung canxi, Vitamin D3, Vitamin K2 dแบกng MenaQ7 vร Arginine phรน hแปฃp vแปi tแบฅt cแบฃ ฤแป tuแปi tแปซ 1 ฤแบฟn 100 tuแปi. ฤแบทc biแปt giรบp phรกt triแปn chiแปu cao cho trแบป em 1-15 tuแปi; mแบน bแบงu bแป sung canxi trong giai ฤoแบกn thai kรฌ khรดng gรขy tiแปu ฤฦฐแปng, khรดng gรขy tรกo bรณn vร giรบp con cao ngay tแปซ trong bแปฅng mแบน.', 'Viแปt Nam', 'Viแปt Nam', 'Cรดng khai', 10, 26, NULL),
(10, 3, 'Collagen thแปงy phรขn hแป trแปฃ Da Mรณng Tรณc Acai Labs Marine Collagen Beauty Australia 90v', 'collagen-thuy-phan-ho-tro-da-mong-toc-acai-labs-marine-collagen-beauty-australia-90v', 'Acacia Labs, vแปi trแปฅ sแป chรญnh tแบกi Sydney, Australia, lร thฦฐฦกng hiแปu hรng ฤแบงu trong lฤฉnh vแปฑc sแบฃn xuแบฅt thแปฑc phแบฉm chแปฉc nฤng, vitamin vร khoรกng chแบฅt. Chรบng tรดi tแบญp trung vรo viแปc nghiรชn cแปฉu vร phรกt triแปn cรกc sแบฃn phแบฉm chฤm sรณc sแปฉc khแปe vร sแบฏc ฤแบนp, mang ฤแบฟn cho khรกch hรng nhแปฏng giแบฃi phรกp toรn diแปn cho mแปt cuแปc sแปng khแปe mแบกnh, trรn ฤแบงy nฤng lฦฐแปฃng vร hแบกnh phรบc.\r\n\r\nKhแปi nguแปn tแปซ vแบป ฤแบนp thแบญt sแปฑ ฤแบฟn tแปซ bรชn trong, phรฒng thรญ nghiแปm Acaci Labs vแปi ฤแปi ngลฉ cรกc chuyรชn gia hรng ฤแบงu thแบฟ giแปi ฤรฃ khรดng ngแปซng nghiรชn cแปฉu tรฌm ra cรดng thแปฉc vร sแบฃn phแบฉm chแบฅt lฦฐแปฃng tแปt nhแบฅt ฤแป mang ฤแบฟn hแบกnh phรบc lรขu dรi cho ngฦฐแปi sแปญ dแปฅng.', 'Australia', 'Australia', 'Cรดng khai', 0, 68, NULL),
(11, 1, 'Viรชn uแปng Bishin Tripeptide Collagen Nhแบญt Bแบฃn 60v', 'vien-uong-bishin-tripeptide-collagen-nhat-ban-60v', 'BISHIN chแปฉa tinh chแบฅt Collagen tripeptide giรบp tฤng cฦฐแปng khแบฃ nฤng hแบฅp thแปฅ cho cฦก thแป, cแบฅu trรบc da, giรบp da giแปฏ ฤฦฐแปฃc sแปฑ sฤn chแบฏc, ฤรn hแปi, tฦฐฦกi trแบป, hแบกn chแบฟ ฤฦฐแปฃc cรกc nแบฟp nhฤn (dแบฅu hiแปu cแปงa sแปฑ lรฃo hรณa) xuแบฅt hiแปn.', 'Nhแบญt Bแบฃn', 'Phรขn phแปi tแบกi Viแปt Nam', 'Cรดng khai', 0, 3, NULL),
(12, 2, 'Dฦฐแปกng mi tแบฟ bรo gแปc CโChoi - Bio Placenta Lash Serum', 'duong-mi-te-bao-goc-cchoi-bio-placenta-lash-serum', 'DฦฏแปNG MI Tแบพ BรO GแปC CโCHOI Bio-Placenta Lash Serum', 'Viแปt Nam', 'Viแปt Nam', 'Cรดng khai', 30, 76, NULL),
(13, 1, 'Nฦฐแปc rแปญa bรกt Bio Formula - Bฦก vร Lรด Hแปi (Tรบi 500ml)', 'nuoc-rua-bat-bio-formula-bo-va-lo-hoi-tui-500ml', 'Chiแบฟt xuแบฅt lรด hแปi giรบp lรm dแปu da tay khi tiแบฟp xรบc vแปi chแบฅt tแบฉy rแปญa, ฤแบทc biแปt dแปu nhแบน vแปi nhแปฏng ngฦฐแปi cรณ da nhแบกy cแบฃm. Dแบงu quแบฃ bฦก dฦฐแปกng แบฉm, bแบฃo vแป da tay nhแป cรกc acid bรฉo thiแบฟt yแบฟu trong dแบงu bฦก. Chiแบฟt xuแบฅt rแป cรขy lรก giang hแป trแปฃ lรm sแบกch an toรn, giแบฃm vi khuแบฉn bรกm trรชn bแป mแบทt bรกt ฤฤฉa.', 'Ukraine', 'Ukraine', 'Cรดng khai', 0, 1201, NULL),
(14, 1, 'Bรกnh Trung Thu 2025 - Thu An Nhiรชn (bรกnh chay hแปp 2 bรกnh 1 trร)', 'banh-trung-thu-2025-thu-an-nhien-banh-chay-hop-2-banh-1-tra', 'Tแบฟt Trung Thu - Tแบฟt ฤoรn Viรชn lร dแปp lรฝ tฦฐแปng ฤแป gแปญi tแบทng nhแปฏng mรณn quร รฝ nghฤฉa cho bแบกn bรจ, gia ฤรฌnh hay ฤแปi tรกc. Khรดng chแป ฤฦกn thuแบงn lร mแปt nรฉt ฤแบนp vฤn hรณa, quร tแบทng Trung Thu cรฒn lร biแปu hiแปn cแปงa tแบฅm chรขn tรฌnh vร lแปi chรบc mแปi ฤiแปu viรชn mรฃn. \r\n\r\nThแบฅu hiแปu vร trรขn trแปng giรก trแป truyแปn thแปng, Nonglamfood gแปญi ฤแบฟn quรฝ khรกch hรng bแป quร tแบทng Trung Thu cao cแบฅp โThu An Nhiรชnโ. Bรกnh ฤฦฐแปฃc tinh tuyแปn tแปซ dฦฐแปฃc liแปu thฦฐแปฃng hแบกng, lรm hoรn toรn thแปง cรดng bแปi cรกc nghแป nhรขn cรณ hฦกn 30 nฤm kinh nghiแปm.\r\n\r\nNonglamfood ra mแบฏt set โThu An Nhiรชnโ vแปi hai loแบกi bรกnh trung thu chay ฤแบทc biแปt, ฤฦฐแปฃc lรm tแปซ cรกc nguyรชn liแปu thฦฐแปฃng hแบกng nhฦฐ blueberry, ฤรดng trรนng hแบก thแบฃo kแบฟt hแปฃp vแปi cรกc loแบกi hแบกt dinh dฦฐแปกng nhฦฐ hแบกt macca, hแบกt sen,... hแปฉa hแบนn khรดng chแป mang ฤแบฟn nhแปฏng trแบฃi nghiแปm tuyแปt vแปi khi thฦฐแปng thแปฉc mร cรฒn mang lแบกi nhแปฏng lแปฃi รญch tuyแปt vแปi vแป sแปฉc khแปe.\r\n\r\nTrung thu nรy, hรฃy ฤแป Nonglamfood ฤแปng hรnh cรนng bแบกn trรชn hรnh trรฌnh gแปญi trao โmแปน vแปโ mรนa trฤng ฤแบฟn nhแปฏng ngฦฐแปi yรชu thฦฐฦกng cแปงa mรฌnh nhรฉ! ', 'Viแปt Nam', 'Viแปt Nam', 'Cรดng khai', 70, 33, NULL),
(15, 1, 'Hแบกt ฤiแปu rang muแปi loแบกi 1 (cรฒn vแป lแปฅa) Happy Nuts 500g', 'hat-dieu-rang-muoi-loai-1-con-vo-lua-happy-nuts-500g', 'Hแบกt ฤiแปu rang muแปi Happy Nuts lร mแปt trong nhแปฏng loแบกi hแบกt cรณ hรm lฦฐแปฃng carbohydrate, chแบฅt xฦก thแบฅp, nhฦฐng chรบng lแบกi chแปฉa nhiแปu vitamin, khoรกng chแบฅt vร chแบฅt chแปng oxy hรณa. Chรบng bao gแปm vitamin E, K vร B6, cรนng vแปi cรกc khoรกng chแบฅt nhฦฐ ฤแปng, phแปt pho, kแบฝm, magiรช, sแบฏt vร selen.', 'Viแปt Nam', 'Viแปt Nam', 'Cรดng khai', 10, 3, NULL),
(16, 1, 'Kแบนo Quแบฃ Sรขm khรดng ฤฦฐแปng Free Suger Ginseng Berry S candy 200g', 'keo-qua-sam-khong-duong-free-suger-ginseng-berry-s-candy-200g', 'Giแบฃm ฤau hแปng. (khรดng nรชn ngแบญm quรก 3 viรชn/ ngรy)\r\n\r\nTฤng sinh Collagen.\r\n\r\nCรขn bแบฑng huyแบฟt รกp, แปn ฤแปnh thแบงn kinh (khi nhแปฉc ฤแบงu hay mแปt mแปi hรฃy dรนng 1 viรชn vร nghแป ngฦกi sau 30 phรบt sแบฝ thแบฅy giแบฃm cรกc triแปu chแปฉng khรณ chแปu).\r\n\r\nGiแบฃm triแปu chแปฉng chรณng mแบทt, buแปn nรดn do say tรu xe\r\n\r\nBแป sung nฤng lฦฐแปฃng nhanh, giแบฃm stress, lo lแบฏng, nhแปฉc ฤแบงu, chรณng mแบทt.\r\n\r\nHแบกn chแบฟ cฦกn thรจm ngแปt, cung cแบฅp nฤng lฦฐแปฃng cho ngฦฐแปi bแป tiแปu ฤฦฐแปng', 'Hรn Quแปc', 'KORYO CONFECTIONERY CO., LTD', 'Cรดng khai', 25, 12, NULL),
(17, 1, 'Bแปt Matcha Gแบกo Rang Nhแบญt Bแบฃn ONELIFE (Gรณi 100g)', 'bot-matcha-gao-rang-nhat-ban-onelife-goi-100g', 'Bแปt Matcha Gแบกo Rang Nhแบญt Bแบฃn Onelife Onlife (Gรณi 100g) lร loแบกi bแปt trร cao cแบฅp, nhuyแปn mแปn, ฤฦฐแปฃc kแบฟt hแปฃp giแปฏa bแปt trร xanh Matcha Nhแบญt Bแบฃn vร chiแบฟt xuแบฅt gแบกo Nhแบญt Niigata Koshihikari rang chรญn theo tแป lแป ฤแบทc biแปt, tแบกo nรชn vแป trร ngแปt hแบญu tแปฑ nhiรชn, khรดng thรชm ฤฦฐแปng hay bแบฅt kแปณ thรnh phแบงn hฦฐฦกng liแปu nรo khรกc.', 'Viแปt Nam', 'Viแปt Nam', 'Cรดng khai', 0, 115, NULL),
(18, 1, 'Nฦฐแปc rแปญa chรฉn sแบฃ chanh COME ON lรm sแบกch bรกt ฤฤฉa, an toรn da tay 1 lรญt', 'nuoc-rua-chen-sa-chanh-come-on-lam-sach-bat-dia-an-toan-da-tay-1-lit', 'Tรชn sแบฃn phแบฉm: Nฦฐแปc rแปญa chรฉn sแบฃ chanh COME ON lรm sแบกch bรกt ฤฤฉa, an toรn da tay 1 lรญt\r\nDung tรญch: 1 lรญt\r\nThฦฐฦกng hiแปu: COME ON', 'Viแปt Nam', 'Viแปt Nam', 'Cรดng khai', 0, 67, NULL),
(19, 1, 'Gฤng lau Abena Wash Gloves (50 miแบฟng/gรณi)', 'gang-lau-abena-wash-gloves-50-mienggoi', 'Abena lร tแบญp ฤoรn sแบฃn xuแบฅt sแบฃn phแบฉm chฤm sรณc sแปฉc khแปe hรng ฤแบงu ฤแบฟn tแปซ ฤan Mแบกch. Thรnh lแบญp tแปซ nฤm 1953, trแบฃi qua mแปt giai ฤoแบกn hรฌnh thรnh vร phรกt triแปn, Abena ฤรฃ chinh phแปฅc ฤฦฐแปฃc cรกc thแป trฦฐแปng khรณ tรญnh Bแบฏc รu bแบฑng chแบฅt lฦฐแปฃng sแบฃn phแบฉm cลฉng nhฦฐ trรกch nhiแปm xรฃ hแปi cแปงa mรฌnh. Hแบงu hแบฟt cรกc sแบฃn phแบฉm cแปงa cรดng ty ฤแปu qua kiแปm nghiแปm lรขm sรn cแปงa cรกc chuyรชn gia da liแปu vร nhแบญn ฤฦฐแปฃc cรกc chแปฉng nhแบญn y tแบฟ nghiรชm ngแบทt cแปงa thแป trฦฐแปng Bแบฏc รu nhฦฐ: Nordic Eco-Label, Asthma Allegry Nordic.', 'Viแปt Nam', 'Viแปt Nam', 'Cรดng khai', 0, 51, NULL),
(20, 1, 'Tแบฅm lรณt giฦฐแปng Abena Pad (giแบทt ฤฦฐแปฃc) 85x90cm', 'tam-lot-giuong-abena-pad-giat-duoc-85x90cm', ' Abena lร tแบญp ฤoรn sแบฃn xuแบฅt sแบฃn phแบฉm chฤm sรณc sแปฉc khแปe hรng ฤแบงu ฤแบฟn tแปซ ฤan Mแบกch. Thรnh lแบญp tแปซ nฤm 1953, trแบฃi qua mแปt giai ฤoแบกn hรฌnh thรnh vร phรกt triแปn, Abena ฤรฃ chinh phแปฅc ฤฦฐแปฃc cรกc thแป trฦฐแปng khรณ tรญnh Bแบฏc รu bแบฑng chแบฅt lฦฐแปฃng sแบฃn phแบฉm cลฉng nhฦฐ trรกch nhiแปm xรฃ hแปi cแปงa mรฌnh. Hแบงu hแบฟt cรกc sแบฃn phแบฉm cแปงa cรดng ty ฤแปu qua kiแปm nghiแปm lรขm sรn cแปงa cรกc chuyรชn gia da liแปu vร nhแบญn ฤฦฐแปฃc cรกc chแปฉng nhแบญn y tแบฟ nghiรชm ngแบทt cแปงa thแป trฦฐแปng Bแบฏc รu nhฦฐ: Nordic Eco-Label, Asthma Allegry Nordic.', 'Viแปt Nam', 'Viแปt Nam', 'Cรดng khai', 0, 76, NULL),
(21, 1, 'Mรกy Xรดng Khรญ Dung Cแบงm Tay Kachi YS35: Giแบฃi Phรกp Hรด Hแบฅp Linh Hoแบกt Mแปi Lรบc, Mแปi Nฦกi', 'may-xong-khi-dung-cam-tay-kachi-ys35-giai-phap-ho-hap-linh-hoat-moi-luc-moi-noi', 'Mรกy xรดng khรญ dung cแบงm tay Kachi YS35 giรบp hแป trแปฃ ฤiแปu trแป vร phรฒng ngแปซa cรกc bแปnh ฤฦฐแปng hรด hแบฅp nhฦฐ viรชm phแบฟ quแบฃn, hen suyแปn, viรชm mลฉi xoang, cแบฃm lแบกnhโฆ Mรกy sแปญ dแปฅng cรดng nghแป khรญ dung tแบกo hแบกt sฦฐฦกng mแปn, dแป thแบฉm thแบฅu sรขu vรo hแป hรด hแบฅp, hiแปu quแบฃ cao cho cแบฃ ngฦฐแปi lแปn vร trแบป em. Thiแบฟt kแบฟ nhแป gแปn, cรณ thแป dรนng pin AA hoแบทc cรกp Type-C tiแปn lแปฃi.', 'Viแปt Nam', 'Viแปt Nam', 'Cรดng khai', 0, 855, NULL),
(22, 1, 'Hลฉ Hรญt Thแบฃo Dฦฐแปฃc Nhแป Thiรชn ฤฦฐแปng - Hลฉ 5g', 'hu-hit-thao-duoc-nhi-thien-duong-hu-5g', 'Hฦกn mแปt Thแบฟ Kแปท gแบฏn bรณ vแปi bao Thแบฟ Hแป, thฦฐฦกng hiแปu Nhแป Thiรชn ฤฦฐแปng khรดng chแป lร dแบงu giรณ lรขu ฤแปi mร cรฒn khรดng ngแปซng ฤแปi mแปi. Hลฉ Hรญt thแบฃo dฦฐแปฃc Nhแป Thiรชn ฤฦฐแปng ra ฤแปi, kแบฟ thแปซa Tinh Hoa Trฤm Nฤm, nay ฤฦฐแปฃc NรNG TแบฆM ฤแป phรน hแปฃp vแปi nhแปp sแปng hiแปn ฤแบกi. Nhแป gแปn, tiแปn lแปฃi, giรบp thรดng mลฉi, sแบฃng khoรกi tแปฉc thรฌ โ Mแปt lแปฑa chแปn mแปi cho mแปi ฤแป tuแปi, tแปซ dรขn vฤn phรฒng, tรi xแบฟ ฤแบฟn ngฦฐแปi lแปn tuแปi.', 'Viแปt Nam', 'Viแปt Nam', 'Cรดng khai', 0, 40, NULL),
(23, 1, 'Tแบฅm lรณt Abena Pad (45x45)', 'tam-lot-abena-pad-45x45', 'Abena lร tแบญp ฤoรn sแบฃn xuแบฅt sแบฃn phแบฉm chฤm sรณc sแปฉc khแปe hรng ฤแบงu ฤแบฟn tแปซ ฤan Mแบกch. Thรnh lแบญp tแปซ nฤm 1953, trแบฃi qua mแปt giai ฤoแบกn hรฌnh thรnh vร phรกt triแปn, Abena ฤรฃ chinh phแปฅc ฤฦฐแปฃc cรกc thแป trฦฐแปng khรณ tรญnh Bแบฏc รu bแบฑng chแบฅt lฦฐแปฃng sแบฃn phแบฉm cลฉng nhฦฐ trรกch nhiแปm xรฃ hแปi cแปงa mรฌnh. Hแบงu hแบฟt cรกc sแบฃn phแบฉm cแปงa cรดng ty ฤแปu qua kiแปm nghiแปm lรขm sรn cแปงa cรกc chuyรชn gia da liแปu vร nhแบญn ฤฦฐแปฃc cรกc chแปฉng nhแบญn y tแบฟ nghiรชm ngแบทt cแปงa thแป trฦฐแปng Bแบฏc รu nhฦฐ: Nordic Eco-Label, Asthma Allegry Nordic.', 'Viแปt Nam', 'Viแปt Nam', 'Cรดng khai', 0, 224, NULL),
(24, 1, 'Serum ANGEL\'S LIQUID GLUTATHIONE PLUS NIACINAMIDE CICA AMPOULE hแป trแปฃ lรm trแบฏng, kiแปm soรกt dแบงu & thu nhแป lแป chรขn lรดng (chai 45ml)', 'serum-angels-liquid-glutathione-plus-niacinamide-cica-ampoule-ho-tro-lam-trang-kiem-soat-dau-thu-nho-lo-chan-long-chai-45ml', 'Glutathione Plus Niacinamide Cica Ampoule -  sแปฑ kแบฟt hแปฃp cแปงa bแป 3 hoแบกt chแบฅt โvรng\" 700mg Glutathione, 10% Niacinamide & 2% Arbutin sแบฝ giรบp dฦฐแปกng trแบฏng da tแปซ sรขu bรชn trong nhแบฑm cแบฃi thiแปn tแบฅt cแบฃ cรกc vแบฅn ฤแป sแบฏc tแป da nhฦฐ thรขm, sแบกm nรกm, tแปi mรu, xแปn mรu,... ฤแปng thแปi duy trรฌ ฤแป แบฉm, cลฉng nhฦฐ giรบp kiแปm soรกt dแบงu, mแปฅn & thu nhแป lแป chรขn lรดng mแปt cรกch tแปi ฦฐu hฦกn.', 'South Korea', 'South Korea', 'Cรดng khai', 0, 1, NULL),
(25, 1, 'Thanh Lฤn Serum CELLBN Hแป Trแปฃ Cแบฃi Thiแปn Nแบฟp Nhฤn Giรบp Da Sฤn Chแบฏc Peptide, Collagen & Adenosine 15ml', 'thanh-lan-serum-cellbn-ho-tro-cai-thien-nep-nhan-giup-da-san-chac-peptide-collagen-adenosine-15ml', 'CELLBN - thฦฐฦกng hiแปu dฦฐแปฃc mแปน phแบฉm Hรn Quแปc ra mแบฏt tแปซ nฤm 2009, ฤแบกt TOP 1 thฦฐฦกng hiแปu do ngฦฐแปi tiรชu dรนng bรฌnh chแปn trรชn tแป bรกo lแปn uy tรญn Korea JoongAng Ilbo 2020 - 2022. Tแบฅt cแบฃ sแบฃn phแบฉm CELLBN ฤแปu ฤฦฐแปฃc sแปญ dแปฅng chแบฅt bแบฃo quแบฃn tแปซ thแบฃo dฦฐแปฃc thiรชn nhiรชn lรnh tรญnh, ฤแปng thแปi hแป trแปฃ cรกc dฦฐแปกng chแบฅt khรกc hoแบกt ฤแปng tแปt hฦกn tฤng khแบฃ nฤng hแบฅp thแปฅ nuรดi dฦฐแปกng lรn da sรกng khoแบป tแปซ bรชn trong. ', 'South Korea', 'South Korea', 'Cรดng khai', 0, 1, NULL),
(26, 1, 'Nฦฐแปc Tแบฉy Trang Rแปญa Mแบทt Cแบฅp แบจm Cรขn Bแบฑng ฤแป pH Trรชn Da Cell Fusion C Low pH Pharrier Cleansing Water', 'nuoc-tay-trang-rua-mat-cap-am-can-bang-do-ph-tren-da-cell-fusion-c-low-ph-pharrier-cleansing-water', 'Cell Fusion C Low pH pHarrier Cleansing Water cรณ khแบฃ nฤng lรm sแบกch 3 trong 1, vแปซa lรm sแบกch lแปp trang ฤiแปm, chแปng nแบฏng & bแปฅi bแบฉn, vแปซa cรณ khแบฃ nฤng cรขn bแบฑng ฤแป pH vร tฤng cฦฐแปng hรng rรo bแบฃo vแป da, mang ฤแบฟn lรn da sแบกch sแบฝ vร khแปe mแบกnh ngay sau khi sแปญ dแปฅng.', 'South Korea', 'South Korea', 'Cรดng khai', 15, 2, NULL),
(27, 1, 'Mแบทt nแบก bรนn LUVUM Pore Reset Mud Mask giรบp lรm sแบกch thu nhแป lแป chรขn lรดng (miแบฟng lแบป 16g)', 'mat-na-bun-luvum-pore-reset-mud-mask-giup-lam-sach-thu-nho-lo-chan-long-mieng-le-16g', 'Mแบทt nแบก bรนn dแบกng miแบฟng LUVUM Pore Reset Mud Mask kแบฟt hแปฃp bรนn Bentonite vร Kaolin, nhแบน nhรng lรm sแบกch dแบงu thแปซa vร bรฃ nhแปn trรชn da, thu nhแป lแป chรขn lรดng vร cแบฃi thiแปn kแบฟt cแบฅu da chแป sau mแปt lแบงn sแปญ dแปฅng. Thรnh phแบงn PHA giรบp tแบฉy da chแบฟt dแปu nhแบน, mang lแบกi lรn da mแปn mรng, sรกng khแปe, khรดng gรขy khรด hay kรญch แปฉng.', 'South Korea', 'South Korea', 'Cรดng khai', 0, 6, NULL);

-- --------------------------------------------------------

--
-- Cแบฅu trรบc bแบฃng cho bแบฃng `thongbao`
--

CREATE TABLE `thongbao` (
  `id` int(11) NOT NULL,
  `id_nguoidung` int(11) NOT NULL,
  `tieude` text NOT NULL,
  `noidung` text NOT NULL,
  `lienket` text DEFAULT NULL,
  `trangthai` enum('ฤรฃ ฤแปc','Chฦฐa ฤแปc','Tแบกm แบฉn') NOT NULL
) ENGINE=InnoDB DEFAULT CHARSET=utf8mb4 COLLATE=utf8mb4_unicode_ci;

--
-- ฤang ฤแป dแปฏ liแปu cho bแบฃng `thongbao`
--

INSERT INTO `thongbao` (`id`, `id_nguoidung`, `tieude`, `noidung`, `lienket`, `trangthai`) VALUES
(31, 1, 'ฤฦกn hรng mแปi cแปงa bแบกn ฤang ฤฦฐแปฃc xแปญ lรฝ', 'Cแบฃm ฦกn bแบกn ฤรฃ thanh toรกn ฤฦกn hรng. ฤฦกn hรng cแปงa bแบกn hiแปn ฤang ฤฦฐแปฃc chuแบฉn bแป vร sแบฝ sแปm ฤฦฐแปฃc giao ฤแบฟn ฤแปa chแป bแบกn ฤรฃ ฤฤng kรฝ.', '/taikhoan/donhang', 'Chฦฐa ฤแปc'),
(32, 1, 'ฦฏu ฤรฃi โFreeship toรn quแปcโ ฤรฃ bแบฏt ฤแบงu!', 'Tแปซ ngรy 1/11 ฤแบฟn 5/11, tแบฅt cแบฃ ฤฦกn hรng tแปซ 200.000ฤ trแป lรชn ฤแปu ฤฦฐแปฃc miแปn phรญ vแบญn chuyแปn. ฤแบทt hรng ngay ฤแป khรดng bแป lแปก!', '/sukien/freeship-toan-quoc', 'Chฦฐa ฤแปc'),
(33, 2, 'Sแปฑ kiแปn โSiรชu Sale 11.11โ sแบฏp bแบฏt ฤแบงu!', 'Sแปฑ kiแปn khuyแบฟn mรฃi lแปn nhแบฅt thรกng 11 sแบฝ bแบฏt ฤแบงu vรo ngรy 10/11 vร kแบฟt thรบc 12/11. Giแบฃm giรก ฤแบฟn 70% toรn bแป ngรnh hรng ฤiแปn tแปญ, thแปi trang vร gia dแปฅng!', '/sukien/sieu-sale-11-11', 'Chฦฐa ฤแปc'),
(34, 2, 'Sแปฑ kiแปn โGiรกng Sinh Rแปn Rรngโ sแบฏp bแบฏt ฤแบงu!', 'Tแปซ ngรy 20/12 ฤแบฟn 25/12, nhแบญn ฦฐu ฤรฃi ฤแบทc biแปt cho cรกc sแบฃn phแบฉm quร tแบทng, ฤแป trang trรญ vร thแปi trang mรนa ฤรดng. Mua sแบฏm ngay hรดm nay ฤแป nhแบญn quร hแบฅp dแบซn!', '/sukien/giang-sinh-ron-rang', 'ฤรฃ ฤแปc'),
(35, 3, 'Sแปฑ kiแปn โSiรชu Sale 11.11โ sแบฏp bแบฏt ฤแบงu!', 'Sแปฑ kiแปn khuyแบฟn mรฃi lแปn nhแบฅt thรกng 11 sแบฝ bแบฏt ฤแบงu vรo ngรy 10/11 vร kแบฟt thรบc 12/11. Giแบฃm giรก ฤแบฟn 70% toรn bแป ngรnh hรng ฤiแปn tแปญ, thแปi trang vร gia dแปฅng!', '/sukien/sieu-sale-11-11', 'Chฦฐa ฤแปc'),
(36, 3, 'ฦฏu ฤรฃi โFreeship toรn quแปcโ ฤรฃ bแบฏt ฤแบงu!', 'Tแปซ ngรy 1/11 ฤแบฟn 5/11, tแบฅt cแบฃ ฤฦกn hรng tแปซ 200.000ฤ trแป lรชn ฤแปu ฤฦฐแปฃc miแปn phรญ vแบญn chuyแปn. ฤแบทt hรng ngay ฤแป khรดng bแป lแปก!', '/sukien/freeship-toan-quoc', 'ฤรฃ ฤแปc'),
(37, 4, 'Sแปฑ kiแปn โSiรชu Sale 11.11โ sแบฏp bแบฏt ฤแบงu!', 'Sแปฑ kiแปn khuyแบฟn mรฃi lแปn nhแบฅt thรกng 11 sแบฝ bแบฏt ฤแบงu vรo ngรy 10/11 vร kแบฟt thรบc 12/11. Giแบฃm giรก ฤแบฟn 70% toรn bแป ngรnh hรng ฤiแปn tแปญ, thแปi trang vร gia dแปฅng!', '/sukien/sieu-sale-11-11', 'ฤรฃ ฤแปc'),
(38, 4, 'Sแปฑ kiแปn โGiรกng Sinh Rแปn Rรngโ sแบฏp bแบฏt ฤแบงu!', 'Tแปซ ngรy 20/12 ฤแบฟn 25/12, nhแบญn ฦฐu ฤรฃi ฤแบทc biแปt cho cรกc sแบฃn phแบฉm quร tแบทng, ฤแป trang trรญ vร thแปi trang mรนa ฤรดng. Mua sแบฏm ngay hรดm nay ฤแป nhแบญn quร hแบฅp dแบซn!', '/sukien/giang-sinh-ron-rang', 'ฤรฃ ฤแปc'),
(39, 5, 'Tiรชu ฤแป mแปi', 'Nแปi dung cแบญp nhแบญt', '/taikhoan/donhang', 'ฤรฃ ฤแปc'),
(40, 5, 'Sแปฑ kiแปn โGiรกng Sinh Rแปn Rรngโ sแบฏp bแบฏt ฤแบงu!', 'Tแปซ ngรy 20/12 ฤแบฟn 25/12, nhแบญn ฦฐu ฤรฃi ฤแบทc biแปt cho cรกc sแบฃn phแบฉm quร tแบทng, ฤแป trang trรญ vร thแปi trang mรนa ฤรดng. Mua sแบฏm ngay hรดm nay ฤแป nhแบญn quร hแบฅp dแบซn!', '/sukien/giang-sinh-ron-rang', 'Chฦฐa ฤแปc'),
(41, 6, 'Sแปฑ kiแปn โSiรชu Sale 11.11โ sแบฏp bแบฏt ฤแบงu!', 'Sแปฑ kiแปn khuyแบฟn mรฃi lแปn nhแบฅt thรกng 11 sแบฝ bแบฏt ฤแบงu vรo ngรy 10/11 vร kแบฟt thรบc 12/11. Giแบฃm giรก ฤแบฟn 70% toรn bแป ngรnh hรng ฤiแปn tแปญ, thแปi trang vร gia dแปฅng!', '/sukien/sieu-sale-11-11', 'ฤรฃ ฤแปc'),
(42, 6, 'ฤฦกn hรng ฤang ฤฦฐแปฃc giao!', 'ฤฦกn hรng cแปงa bแบกn ฤรฃ ฤฦฐแปฃc giao cho ฤฦกn vแป vแบญn chuyแปn. Dแปฑ kiแบฟn sแบฝ ฤแบฟn tay bแบกn trong 2-3 ngรy tแปi.', '/taikhoan/donhang/tracking', 'ฤรฃ ฤแปc'),
(43, 7, 'Thรดng bรกo: Tรญch ฤiแปm khรกch hรng thรขn thiแบฟt', 'Bแบกn vแปซa nhแบญn ฤฦฐแปฃc thรชm 120 ฤiแปm thฦฐแปng tแปซ ฤฦกn hรng gแบงn nhแบฅt. ฤแปซng quรชn sแปญ dแปฅng ฤiแปm ฤแป giแบฃm giรก trong lแบงn mua tiแบฟp theo nhรฉ!', '/taikhoan/diem-thuong', 'Chฦฐa ฤแปc'),
(44, 7, 'ฦฏu ฤรฃi โFreeship toรn quแปcโ ฤรฃ bแบฏt ฤแบงu!', 'Tแปซ ngรy 1/11 ฤแบฟn 5/11, tแบฅt cแบฃ ฤฦกn hรng tแปซ 200.000ฤ trแป lรชn ฤแปu ฤฦฐแปฃc miแปn phรญ vแบญn chuyแปn. ฤแบทt hรng ngay ฤแป khรดng bแป lแปก!', '/sukien/freeship-toan-quoc', 'ฤรฃ ฤแปc'),
(45, 8, 'Sแปฑ kiแปn โSiรชu Sale 11.11โ sแบฏp bแบฏt ฤแบงu!', 'Sแปฑ kiแปn khuyแบฟn mรฃi lแปn nhแบฅt thรกng 11 sแบฝ bแบฏt ฤแบงu vรo ngรy 10/11 vร kแบฟt thรบc 12/11. Giแบฃm giรก ฤแบฟn 70% toรn bแป ngรnh hรng ฤiแปn tแปญ, thแปi trang vร gia dแปฅng!', '/sukien/sieu-sale-11-11', 'Chฦฐa ฤแปc'),
(46, 8, 'Thรดng bรกo: Tรญch ฤiแปm khรกch hรng thรขn thiแบฟt', 'Bแบกn vแปซa nhแบญn ฤฦฐแปฃc thรชm 120 ฤiแปm thฦฐแปng tแปซ ฤฦกn hรng gแบงn nhแบฅt. ฤแปซng quรชn sแปญ dแปฅng ฤiแปm ฤแป giแบฃm giรก trong lแบงn mua tiแบฟp theo nhรฉ!', '/taikhoan/diem-thuong', 'ฤรฃ ฤแปc'),
(47, 9, 'Thรดng bรกo: Tรญch ฤiแปm khรกch hรng thรขn thiแบฟt', 'Bแบกn vแปซa nhแบญn ฤฦฐแปฃc thรชm 120 ฤiแปm thฦฐแปng tแปซ ฤฦกn hรng gแบงn nhแบฅt. ฤแปซng quรชn sแปญ dแปฅng ฤiแปm ฤแป giแบฃm giรก trong lแบงn mua tiแบฟp theo nhรฉ!', '/taikhoan/diem-thuong', 'Chฦฐa ฤแปc'),
(48, 9, 'ฦฏu ฤรฃi โFreeship toรn quแปcโ ฤรฃ bแบฏt ฤแบงu!', 'Tแปซ ngรy 1/11 ฤแบฟn 5/11, tแบฅt cแบฃ ฤฦกn hรng tแปซ 200.000ฤ trแป lรชn ฤแปu ฤฦฐแปฃc miแปn phรญ vแบญn chuyแปn. ฤแบทt hรng ngay ฤแป khรดng bแป lแปก!', '/sukien/freeship-toan-quoc', 'Chฦฐa ฤแปc'),
(49, 10, 'Thรดng bรกo: Tรญch ฤiแปm khรกch hรng thรขn thiแบฟt', 'Bแบกn vแปซa nhแบญn ฤฦฐแปฃc thรชm 120 ฤiแปm thฦฐแปng tแปซ ฤฦกn hรng gแบงn nhแบฅt. ฤแปซng quรชn sแปญ dแปฅng ฤiแปm ฤแป giแบฃm giรก trong lแบงn mua tiแบฟp theo nhรฉ!', '/taikhoan/diem-thuong', 'ฤรฃ ฤแปc'),
(50, 10, 'ฦฏu ฤรฃi โFreeship toรn quแปcโ ฤรฃ bแบฏt ฤแบงu!', 'Tแปซ ngรy 1/11 ฤแบฟn 5/11, tแบฅt cแบฃ ฤฦกn hรng tแปซ 200.000ฤ trแป lรชn ฤแปu ฤฦฐแปฃc miแปn phรญ vแบญn chuyแปn. ฤแบทt hรng ngay ฤแป khรดng bแป lแปก!', '/sukien/freeship-toan-quoc', 'ฤรฃ ฤแปc');

-- --------------------------------------------------------

--
-- Cแบฅu trรบc bแบฃng cho bแบฃng `thuonghieu`
--

CREATE TABLE `thuonghieu` (
  `id` int(11) NOT NULL,
  `ten` text NOT NULL,
  `slug` text NOT NULL,
  `logo` varchar(255) NOT NULL DEFAULT 'logo_shop.jpg',
  `mota` text DEFAULT NULL,
  `trangthai` enum('Hoแบกt ฤแปng','Tแบกm khรณa','Dแปซng hoแบกt ฤแปng') NOT NULL
) ENGINE=InnoDB DEFAULT CHARSET=utf8mb4 COLLATE=utf8mb4_unicode_ci;

--
-- ฤang ฤแป dแปฏ liแปu cho bแบฃng `thuonghieu`
--

INSERT INTO `thuonghieu` (`id`, `ten`, `slug`, `logo`, `mota`, `trangthai`) VALUES
(1, 'Trung Tรขm Bรกn Hรng Siรชu Thแป Vina', 'trung-tam-ban-hang-sieu-thi-vina', 'trung-tam-ban-hang-sieu-thi-vina.png', 'Thฦฐฦกng hiแปu nแปi ฤแปa nแปi tiแบฟng cung cแบฅp ฤa dแบกng mแบทt hรng tiรชu dรนng vร ฤiแปn tแปญ.', 'Hoแบกt ฤแปng'),
(2, 'C\'CHOI', 'cchoi', 'thuonghieu-logo.png', 'Thฦฐฦกng hiแปu thแปi trang nฤng ฤแปng, hฦฐแปng ฤแบฟn giแปi trแบป hiแปn ฤแบกi.', 'Hoแบกt ฤแปng'),
(3, 'ACACI LABS', 'acaci-labs', 'thuonghieu-logo.png', 'Chuyรชn vแป mแปน phแบฉm thiรชn nhiรชn vร chฤm sรณc da an toรn, lรnh tรญnh.', 'Hoแบกt ฤแปng'),
(4, 'Trung Tรขm Bรกn Hรng Siรชu Thแป Vina', 'trung-tam-ban-hang-sieu-thi-vina', 'trung-tam-ban-hang-sieu-thi-vina.png', 'Thฦฐฦกng hiแปu nแปi ฤแปa nแปi tiแบฟng cung cแบฅp ฤa dแบกng mแบทt hรng tiรชu dรนng vร ฤiแปn tแปญ.', 'Hoแบกt ฤแปng'),
(5, 'C\'CHOI', 'cchoi', 'thuonghieu-logo.png', 'Thฦฐฦกng hiแปu thแปi trang nฤng ฤแปng, hฦฐแปng ฤแบฟn giแปi trแบป hiแปn ฤแบกi.', 'Hoแบกt ฤแปng'),
(6, 'ACACI LABS', 'acaci-labs', 'thuonghieu-logo.png', 'Chuyรชn vแป mแปน phแบฉm thiรชn nhiรชn vร chฤm sรณc da an toรn, lรnh tรญnh.', 'Hoแบกt ฤแปng'),
(7, 'Samsung', 'samsung', 'samsung.png', 'Thฦฐฦกng hiแปu cรดng nghแป hรng ฤแบงu thแบฟ giแปi ฤแบฟn tแปซ Hรn Quแปc.', 'Hoแบกt ฤแปng'),
(8, 'Apple', 'apple', 'apple.png', 'Nhร sแบฃn xuแบฅt thiแบฟt bแป cรดng nghแป cao cแบฅp nแปi tiแบฟng toรn cแบงu.', 'Hoแบกt ฤแปng'),
(9, 'Nike', 'nike', 'nike.png', 'Thฦฐฦกng hiแปu thแป thao hรng ฤแบงu vแปi phong cรกch trแบป trung, nฤng ฤแปng.', 'Hoแบกt ฤแปng'),
(10, 'Adidas', 'adidas', 'adidas.png', 'Hรฃng thแป thao nแปi tiแบฟng cแปงa ฤแปฉc, ฤฦฐแปฃc yรชu thรญch trรชn toรn thแบฟ giแปi.', 'Hoแบกt ฤแปng'),
(11, 'Xiaomi', 'xiaomi', 'xiaomi.png', 'Thฦฐฦกng hiแปu cรดng nghแป giรก rแบป chแบฅt lฦฐแปฃng cao, chuyรชn vแป smartphone vร thiแบฟt bแป IoT.', 'Hoแบกt ฤแปng'),
(12, 'LG', 'lg', 'lg.png', 'Tแบญp ฤoรn ฤiแปn tแปญ hรng ฤแบงu Hรn Quแปc, nแปi bแบญt vแปi thiแบฟt bแป gia dแปฅng.', 'Hoแบกt ฤแปng'),
(13, 'Omo', 'omo', 'omo.png', 'Thฦฐฦกng hiแปu bแปt giแบทt vร sแบฃn phแบฉm giแบทt tแบฉy nแปi tiแบฟng thuแปc tแบญp ฤoรn Unilever.', 'Hoแบกt ฤแปng'),
(14, 'Unilever', 'unilever', 'unilever.png', 'Tแบญp ฤoรn ฤa quแปc gia chuyรชn vแป sแบฃn phแบฉm tiรชu dรนng nhanh vแปi hรng trฤm nhรฃn hรng nแปi tiแบฟng.', 'Hoแบกt ฤแปng'),
(15, 'Panasonic', 'panasonic', 'panasonic.png', 'Hรฃng ฤiแปn tแปญ Nhแบญt Bแบฃn nแปi tiแบฟng vแปi cรกc sแบฃn phแบฉm gia dแปฅng vร cรดng nghแป hiแปn ฤแบกi.', 'Hoแบกt ฤแปng'),
(16, 'Sony', 'sony', 'sony.png', 'Tแบญp ฤoรn ฤiแปn tแปญ hรng ฤแบงu Nhแบญt Bแบฃn chuyรชn vแป tivi, รขm thanh vร thiแบฟt bแป giแบฃi trรญ.', 'Hoแบกt ฤแปng'),
(17, 'Gucci', 'gucci', 'gucci.png', 'Thฦฐฦกng hiแปu thแปi trang xa xแป ฤแบฟn tแปซ ร, nแปi tiแบฟng vแปi phong cรกch ฤแบณng cแบฅp vร tinh tแบฟ.', 'Hoแบกt ฤแปng'),
(18, 'Zara', 'zara', 'zara.png', 'Thฦฐฦกng hiแปu thแปi trang nhanh nแปi tiแบฟng cแปงa Tรขy Ban Nha, hฦฐแปng ฤแบฟn phong cรกch trแบป trung.', 'Hoแบกt ฤแปng'),
(19, 'Oppo', 'oppo', 'oppo.png', 'Hรฃng ฤiแปn thoแบกi thรดng minh ฤแบฟn tแปซ Trung Quแปc, nแปi bแบญt vแปi camera selfie vร thiแบฟt kแบฟ ฤแบนp.', 'Hoแบกt ฤแปng'),
(20, 'Puma', 'puma', 'puma.png', 'Thฦฐฦกng hiแปu thแป thao toรn cแบงu, cung cแบฅp giรy, quแบงn รกo vร phแปฅ kiแปn nฤng ฤแปng.', 'Hoแบกt ฤแปng'),
(21, 'Maybelline', 'maybelline', 'maybelline.png', 'Thฦฐฦกng hiแปu mแปน phแบฉm nแปi tiแบฟng cแปงa Mแปน, chuyรชn vแป trang ฤiแปm vร lรm ฤแบนp.', 'Hoแบกt ฤแปng'),
(22, 'Vinamilk', 'vinamilk', 'vinamilk.png', 'Thฦฐฦกng hiแปu sแปฏa hรng ฤแบงu Viแปt Nam vแปi mแบกng lฦฐแปi phรขn phแปi trรชn toรn quแปc.', 'Hoแบกt ฤแปng'),
(23, 'Highlands Coffee', 'highlands-coffee', 'highlands.png', 'Thฦฐฦกng hiแปu cร phรช nแปi tiแบฟng cแปงa Viแปt Nam, mang phong cรกch hiแปn ฤแบกi vร ฤแบญm ฤร hฦฐฦกng vแป Viแปt.', 'Hoแบกt ฤแปng');

-- --------------------------------------------------------

--
-- Cแบฅu trรบc bแบฃng cho bแบฃng `tukhoa`
--

CREATE TABLE `tukhoa` (
  `id` int(11) NOT NULL,
  `tukhoa` text NOT NULL,
  `luottruycap` int(11) NOT NULL
) ENGINE=InnoDB DEFAULT CHARSET=utf8mb4 COLLATE=utf8mb4_unicode_ci;

--
-- ฤang ฤแป dแปฏ liแปu cho bแบฃng `tukhoa`
--

INSERT INTO `tukhoa` (`id`, `tukhoa`, `luottruycap`) VALUES
(1, 'Mรกy massage', 5),
(2, 'ฤiแปn gia dแปฅng', 1),
(3, 'ฤแป chฦกi minecraft', 153),
(4, 'Sรกch hรกn ngแปฏ 3', 597),
(5, 'Huyndai decor', 62),
(6, 'ฤiแปn nแปi thแบฅt', 125),
(7, 'Mรณc khรณa genshin', 246),
(8, 'Phiแปn Muแปn Cแปงa Afratu', 13),
(9, 'Kแบนo', 50),
(10, 'Sรขm Ngแปc Linh', 626),
(11, 'Thแบงy Hแป', 1),
(12, 'y tแบฟ', 1),
(13, 'abena', 77),
(14, 'a', 39),
(15, 'abena pad', 6),
(16, 'thiแบฟt bแป y tแบฟ', 3),
(17, 'cchoi', 1),
(18, 'c\'choi', 2);

-- --------------------------------------------------------

--
-- Cแบฅu trรบc bแบฃng cho bแบฃng `yeuthich`
--

CREATE TABLE `yeuthich` (
  `id` int(11) NOT NULL,
  `id_nguoidung` int(11) NOT NULL,
  `id_sanpham` int(11) NOT NULL,
  `trangthai` enum('Hiแปn thแป','Tแบกm แบฉn') NOT NULL
) ENGINE=InnoDB DEFAULT CHARSET=utf8mb4 COLLATE=utf8mb4_unicode_ci;

--
-- ฤang ฤแป dแปฏ liแปu cho bแบฃng `yeuthich`
--

INSERT INTO `yeuthich` (`id`, `id_nguoidung`, `id_sanpham`, `trangthai`) VALUES
(1, 10, 19, 'Hiแปn thแป'),
(2, 5, 11, 'Hiแปn thแป'),
(3, 5, 27, 'Hiแปn thแป'),
(4, 3, 26, 'Hiแปn thแป'),
(5, 4, 18, 'Hiแปn thแป'),
(6, 6, 13, 'Hiแปn thแป'),
(7, 4, 13, 'Hiแปn thแป'),
(8, 3, 10, 'Hiแปn thแป'),
(9, 9, 26, 'Hiแปn thแป'),
(10, 3, 4, 'Hiแปn thแป');

--
-- Chแป mแปฅc cho cรกc bแบฃng ฤรฃ ฤแป
--

--
-- Chแป mแปฅc cho bแบฃng `baiviet`
--
ALTER TABLE `baiviet`
  ADD PRIMARY KEY (`id`),
  ADD KEY `id_nguoidung` (`id_nguoidung`);

--
-- Chแป mแปฅc cho bแบฃng `bienthe`
--
ALTER TABLE `bienthe`
  ADD PRIMARY KEY (`id`),
  ADD KEY `id_sanpham` (`id_sanpham`),
  ADD KEY `id_loaibienthe` (`id_loaibienthe`);

--
-- Chแป mแปฅc cho bแบฃng `chitiet_donhang`
--
ALTER TABLE `chitiet_donhang`
  ADD PRIMARY KEY (`id`),
  ADD KEY `chitiet_donhang_id_bienthe_foreign` (`id_bienthe`),
  ADD KEY `chitiet_donhang_id_donhang_foreign` (`id_donhang`);

--
-- Chแป mแปฅc cho bแบฃng `chuongtrinh`
--
ALTER TABLE `chuongtrinh`
  ADD PRIMARY KEY (`id`);

--
-- Chแป mแปฅc cho bแบฃng `danhgia`
--
ALTER TABLE `danhgia`
  ADD PRIMARY KEY (`id`),
  ADD KEY `danhgia_id_nguoidung_foreign` (`id_nguoidung`),
  ADD KEY `danhgia_id_sanpham_foreign` (`id_sanpham`),
  ADD KEY `danhgia_id_chitietdonhang_foreign` (`id_chitietdonhang`);

--
-- Chแป mแปฅc cho bแบฃng `danhmuc`
--
ALTER TABLE `danhmuc`
  ADD PRIMARY KEY (`id`);

--
-- Chแป mแปฅc cho bแบฃng `danhmuc_sanpham`
--
ALTER TABLE `danhmuc_sanpham`
  ADD PRIMARY KEY (`id`),
  ADD KEY `id_danhmuc` (`id_danhmuc`),
  ADD KEY `id_sanpham` (`id_sanpham`);

--
-- Chแป mแปฅc cho bแบฃng `diachi_giaohang`
--
ALTER TABLE `diachi_giaohang`
  ADD PRIMARY KEY (`id`),
  ADD KEY `id_nguoidung` (`id_nguoidung`);

--
-- Chแป mแปฅc cho bแบฃng `donhang`
--
ALTER TABLE `donhang`
  ADD PRIMARY KEY (`id`),
  ADD UNIQUE KEY `donhang_madon_unique` (`madon`),
  ADD KEY `donhang_id_phuongthuc_foreign` (`id_phuongthuc`),
  ADD KEY `donhang_id_magiamgia_foreign` (`id_magiamgia`),
  ADD KEY `donhang_id_nguoidung_foreign` (`id_nguoidung`),
  ADD KEY `donhang_id_phivanchuyen_foreign` (`id_phivanchuyen`),
  ADD KEY `donhang_id_diachigiaohang_foreign` (`id_diachigiaohang`);

--
-- Chแป mแปฅc cho bแบฃng `giohang`
--
ALTER TABLE `giohang`
  ADD PRIMARY KEY (`id`),
  ADD KEY `id_bienthe` (`id_bienthe`),
  ADD KEY `id_nguoidung` (`id_nguoidung`);

--
-- Chแป mแปฅc cho bแบฃng `giohang_quatang_queue`
--
ALTER TABLE `giohang_quatang_queue`
  ADD PRIMARY KEY (`id`);

--
-- Chแป mแปฅc cho bแบฃng `hinhanh_sanpham`
--
ALTER TABLE `hinhanh_sanpham`
  ADD PRIMARY KEY (`id`),
  ADD KEY `id_sanpham` (`id_sanpham`);

--
-- Chแป mแปฅc cho bแบฃng `loaibienthe`
--
ALTER TABLE `loaibienthe`
  ADD PRIMARY KEY (`id`);

--
-- Chแป mแปฅc cho bแบฃng `magiamgia`
--
ALTER TABLE `magiamgia`
  ADD PRIMARY KEY (`id`);

--
-- Chแป mแปฅc cho bแบฃng `migrations`
--
ALTER TABLE `migrations`
  ADD PRIMARY KEY (`id`);

--
-- Chแป mแปฅc cho bแบฃng `nguoidung`
--
ALTER TABLE `nguoidung`
  ADD PRIMARY KEY (`id`);

--
-- Chแป mแปฅc cho bแบฃng `phivanchuyen`
--
ALTER TABLE `phivanchuyen`
  ADD PRIMARY KEY (`id`),
  ADD UNIQUE KEY `phivanchuyen_ten_unique` (`ten`);

--
-- Chแป mแปฅc cho bแบฃng `phuongthuc`
--
ALTER TABLE `phuongthuc`
  ADD PRIMARY KEY (`id`);

--
-- Chแป mแปฅc cho bแบฃng `quangcao`
--
ALTER TABLE `quangcao`
  ADD PRIMARY KEY (`id`);

--
-- Chแป mแปฅc cho bแบฃng `quatang_sukien`
--
ALTER TABLE `quatang_sukien`
  ADD PRIMARY KEY (`id`),
  ADD KEY `id_bienthe` (`id_bienthe`),
  ADD KEY `id_sukien` (`id_chuongtrinh`);

--
-- Chแป mแปฅc cho bแบฃng `sanpham`
--
ALTER TABLE `sanpham`
  ADD PRIMARY KEY (`id`),
  ADD KEY `id_cuahang` (`id_thuonghieu`);

--
-- Chแป mแปฅc cho bแบฃng `thongbao`
--
ALTER TABLE `thongbao`
  ADD PRIMARY KEY (`id`),
  ADD KEY `id_nguoidung` (`id_nguoidung`);

--
-- Chแป mแปฅc cho bแบฃng `thuonghieu`
--
ALTER TABLE `thuonghieu`
  ADD PRIMARY KEY (`id`);

--
-- Chแป mแปฅc cho bแบฃng `tukhoa`
--
ALTER TABLE `tukhoa`
  ADD PRIMARY KEY (`id`);

--
-- Chแป mแปฅc cho bแบฃng `yeuthich`
--
ALTER TABLE `yeuthich`
  ADD PRIMARY KEY (`id`),
  ADD UNIQUE KEY `id_nguoidung` (`id_nguoidung`,`id_sanpham`),
  ADD KEY `id_sanpham` (`id_sanpham`);

--
-- AUTO_INCREMENT cho cรกc bแบฃng ฤรฃ ฤแป
--

--
-- AUTO_INCREMENT cho bแบฃng `baiviet`
--
ALTER TABLE `baiviet`
  MODIFY `id` int(11) NOT NULL AUTO_INCREMENT, AUTO_INCREMENT=11;

--
-- AUTO_INCREMENT cho bแบฃng `bienthe`
--
ALTER TABLE `bienthe`
  MODIFY `id` int(11) NOT NULL AUTO_INCREMENT, AUTO_INCREMENT=33;

--
-- AUTO_INCREMENT cho bแบฃng `chitiet_donhang`
--
ALTER TABLE `chitiet_donhang`
  MODIFY `id` int(11) NOT NULL AUTO_INCREMENT, AUTO_INCREMENT=11;

--
-- AUTO_INCREMENT cho bแบฃng `chuongtrinh`
--
ALTER TABLE `chuongtrinh`
  MODIFY `id` int(11) NOT NULL AUTO_INCREMENT, AUTO_INCREMENT=22;

--
-- AUTO_INCREMENT cho bแบฃng `danhgia`
--
ALTER TABLE `danhgia`
  MODIFY `id` int(11) NOT NULL AUTO_INCREMENT, AUTO_INCREMENT=22;

--
-- AUTO_INCREMENT cho bแบฃng `danhmuc`
--
ALTER TABLE `danhmuc`
  MODIFY `id` int(11) NOT NULL AUTO_INCREMENT, AUTO_INCREMENT=12;

--
-- AUTO_INCREMENT cho bแบฃng `danhmuc_sanpham`
--
ALTER TABLE `danhmuc_sanpham`
  MODIFY `id` int(11) NOT NULL AUTO_INCREMENT, AUTO_INCREMENT=35;

--
-- AUTO_INCREMENT cho bแบฃng `donhang`
--
ALTER TABLE `donhang`
  MODIFY `id` int(11) NOT NULL AUTO_INCREMENT, AUTO_INCREMENT=51;

--
-- AUTO_INCREMENT cho bแบฃng `giohang`
--
ALTER TABLE `giohang`
  MODIFY `id` int(11) NOT NULL AUTO_INCREMENT, AUTO_INCREMENT=30;

--
-- AUTO_INCREMENT cho bแบฃng `giohang_quatang_queue`
--
ALTER TABLE `giohang_quatang_queue`
  MODIFY `id` int(11) NOT NULL AUTO_INCREMENT, AUTO_INCREMENT=3;

--
-- AUTO_INCREMENT cho bแบฃng `hinhanh_sanpham`
--
ALTER TABLE `hinhanh_sanpham`
  MODIFY `id` int(11) NOT NULL AUTO_INCREMENT, AUTO_INCREMENT=107;

--
-- AUTO_INCREMENT cho bแบฃng `loaibienthe`
--
ALTER TABLE `loaibienthe`
  MODIFY `id` int(11) NOT NULL AUTO_INCREMENT, AUTO_INCREMENT=12;

--
-- AUTO_INCREMENT cho bแบฃng `magiamgia`
--
ALTER TABLE `magiamgia`
  MODIFY `id` int(11) NOT NULL AUTO_INCREMENT, AUTO_INCREMENT=11;

--
-- AUTO_INCREMENT cho bแบฃng `migrations`
--
ALTER TABLE `migrations`
  MODIFY `id` int(10) UNSIGNED NOT NULL AUTO_INCREMENT, AUTO_INCREMENT=7;

--
-- AUTO_INCREMENT cho bแบฃng `nguoidung`
--
ALTER TABLE `nguoidung`
  MODIFY `id` int(11) NOT NULL AUTO_INCREMENT, AUTO_INCREMENT=14;

--
-- AUTO_INCREMENT cho bแบฃng `phivanchuyen`
--
ALTER TABLE `phivanchuyen`
  MODIFY `id` int(11) NOT NULL AUTO_INCREMENT, AUTO_INCREMENT=4;

--
-- AUTO_INCREMENT cho bแบฃng `phuongthuc`
--
ALTER TABLE `phuongthuc`
  MODIFY `id` int(11) NOT NULL AUTO_INCREMENT, AUTO_INCREMENT=4;

--
-- AUTO_INCREMENT cho bแบฃng `quangcao`
--
ALTER TABLE `quangcao`
  MODIFY `id` int(11) NOT NULL AUTO_INCREMENT, AUTO_INCREMENT=13;

--
-- AUTO_INCREMENT cho bแบฃng `quatang_sukien`
--
ALTER TABLE `quatang_sukien`
  MODIFY `id` int(11) NOT NULL AUTO_INCREMENT, AUTO_INCREMENT=7;

--
-- AUTO_INCREMENT cho bแบฃng `sanpham`
--
ALTER TABLE `sanpham`
  MODIFY `id` int(11) NOT NULL AUTO_INCREMENT, AUTO_INCREMENT=28;

--
-- AUTO_INCREMENT cho bแบฃng `thongbao`
--
ALTER TABLE `thongbao`
  MODIFY `id` int(11) NOT NULL AUTO_INCREMENT, AUTO_INCREMENT=51;

--
-- AUTO_INCREMENT cho bแบฃng `thuonghieu`
--
ALTER TABLE `thuonghieu`
  MODIFY `id` int(11) NOT NULL AUTO_INCREMENT, AUTO_INCREMENT=24;

--
-- AUTO_INCREMENT cho bแบฃng `tukhoa`
--
ALTER TABLE `tukhoa`
  MODIFY `id` int(11) NOT NULL AUTO_INCREMENT, AUTO_INCREMENT=19;

--
-- AUTO_INCREMENT cho bแบฃng `yeuthich`
--
ALTER TABLE `yeuthich`
  MODIFY `id` int(11) NOT NULL AUTO_INCREMENT, AUTO_INCREMENT=11;

--
-- Cรกc rรng buแปc cho cรกc bแบฃng ฤรฃ ฤแป
--

--
-- Cรกc rรng buแปc cho bแบฃng `baiviet`
--
ALTER TABLE `baiviet`
  ADD CONSTRAINT `baiviet_ibfk_1` FOREIGN KEY (`id_nguoidung`) REFERENCES `nguoidung` (`id`);

--
-- Cรกc rรng buแปc cho bแบฃng `bienthe`
--
ALTER TABLE `bienthe`
  ADD CONSTRAINT `bienthe_ibfk_1` FOREIGN KEY (`id_sanpham`) REFERENCES `sanpham` (`id`),
  ADD CONSTRAINT `bienthe_ibfk_2` FOREIGN KEY (`id_loaibienthe`) REFERENCES `loaibienthe` (`id`);

--
-- Cรกc rรng buแปc cho bแบฃng `chitiet_donhang`
--
ALTER TABLE `chitiet_donhang`
  ADD CONSTRAINT `chitiet_donhang_id_bienthe_foreign` FOREIGN KEY (`id_bienthe`) REFERENCES `bienthe` (`id`),
  ADD CONSTRAINT `chitiet_donhang_id_donhang_foreign` FOREIGN KEY (`id_donhang`) REFERENCES `donhang` (`id`) ON DELETE CASCADE;

--
-- Cรกc rรng buแปc cho bแบฃng `danhgia`
--
ALTER TABLE `danhgia`
  ADD CONSTRAINT `danhgia_id_chitietdonhang_foreign` FOREIGN KEY (`id_chitietdonhang`) REFERENCES `chitiet_donhang` (`id`) ON DELETE CASCADE,
  ADD CONSTRAINT `danhgia_id_nguoidung_foreign` FOREIGN KEY (`id_nguoidung`) REFERENCES `nguoidung` (`id`) ON DELETE CASCADE,
  ADD CONSTRAINT `danhgia_id_sanpham_foreign` FOREIGN KEY (`id_sanpham`) REFERENCES `sanpham` (`id`) ON DELETE CASCADE;

--
-- Cรกc rรng buแปc cho bแบฃng `danhmuc_sanpham`
--
ALTER TABLE `danhmuc_sanpham`
  ADD CONSTRAINT `danhmuc_sanpham_ibfk_1` FOREIGN KEY (`id_danhmuc`) REFERENCES `danhmuc` (`id`),
  ADD CONSTRAINT `danhmuc_sanpham_ibfk_2` FOREIGN KEY (`id_sanpham`) REFERENCES `sanpham` (`id`);

--
-- Cรกc rรng buแปc cho bแบฃng `diachi_giaohang`
--
ALTER TABLE `diachi_giaohang`
  ADD CONSTRAINT `diachi_giaohang_ibfk_1` FOREIGN KEY (`id_nguoidung`) REFERENCES `nguoidung` (`id`);

--
-- Cรกc rรng buแปc cho bแบฃng `donhang`
--
ALTER TABLE `donhang`
  ADD CONSTRAINT `donhang_id_diachigiaohang_foreign` FOREIGN KEY (`id_diachigiaohang`) REFERENCES `diachi_giaohang` (`id`) ON DELETE CASCADE,
  ADD CONSTRAINT `donhang_id_magiamgia_foreign` FOREIGN KEY (`id_magiamgia`) REFERENCES `magiamgia` (`id`) ON DELETE SET NULL,
  ADD CONSTRAINT `donhang_id_nguoidung_foreign` FOREIGN KEY (`id_nguoidung`) REFERENCES `nguoidung` (`id`) ON DELETE CASCADE,
  ADD CONSTRAINT `donhang_id_phivanchuyen_foreign` FOREIGN KEY (`id_phivanchuyen`) REFERENCES `phivanchuyen` (`id`) ON DELETE CASCADE,
  ADD CONSTRAINT `donhang_id_phuongthuc_foreign` FOREIGN KEY (`id_phuongthuc`) REFERENCES `phuongthuc` (`id`);

--
-- Cรกc rรng buแปc cho bแบฃng `giohang`
--
ALTER TABLE `giohang`
  ADD CONSTRAINT `giohang_ibfk_1` FOREIGN KEY (`id_bienthe`) REFERENCES `bienthe` (`id`),
  ADD CONSTRAINT `giohang_ibfk_2` FOREIGN KEY (`id_nguoidung`) REFERENCES `nguoidung` (`id`);

--
-- Cรกc rรng buแปc cho bแบฃng `hinhanh_sanpham`
--
ALTER TABLE `hinhanh_sanpham`
  ADD CONSTRAINT `hinhanh_sanpham_ibfk_1` FOREIGN KEY (`id_sanpham`) REFERENCES `sanpham` (`id`);

--
-- Cรกc rรng buแปc cho bแบฃng `quatang_sukien`
--
ALTER TABLE `quatang_sukien`
  ADD CONSTRAINT `quatang_sukien_ibfk_1` FOREIGN KEY (`id_bienthe`) REFERENCES `bienthe` (`id`),
  ADD CONSTRAINT `quatang_sukien_ibfk_3` FOREIGN KEY (`id_chuongtrinh`) REFERENCES `chuongtrinh` (`id`);

--
-- Cรกc rรng buแปc cho bแบฃng `sanpham`
--
ALTER TABLE `sanpham`
  ADD CONSTRAINT `sanpham_ibfk_1` FOREIGN KEY (`id_thuonghieu`) REFERENCES `thuonghieu` (`id`);

--
-- Cรกc rรng buแปc cho bแบฃng `thongbao`
--
ALTER TABLE `thongbao`
  ADD CONSTRAINT `thongbao_ibfk_1` FOREIGN KEY (`id_nguoidung`) REFERENCES `nguoidung` (`id`);

--
-- Cรกc rรng buแปc cho bแบฃng `yeuthich`
--
ALTER TABLE `yeuthich`
  ADD CONSTRAINT `yeuthich_ibfk_1` FOREIGN KEY (`id_nguoidung`) REFERENCES `nguoidung` (`id`) ON UPDATE CASCADE,
  ADD CONSTRAINT `yeuthich_ibfk_2` FOREIGN KEY (`id_sanpham`) REFERENCES `sanpham` (`id`) ON UPDATE CASCADE;
COMMIT;

/*!40101 SET CHARACTER_SET_CLIENT=@OLD_CHARACTER_SET_CLIENT */;
/*!40101 SET CHARACTER_SET_RESULTS=@OLD_CHARACTER_SET_RESULTS */;
/*!40101 SET COLLATION_CONNECTION=@OLD_COLLATION_CONNECTION */;
